{
  "fio version" : "fio-3.36",
  "timestamp" : 1774394591,
  "timestamp_ms" : 1774394591493,
  "time" : "Tue Mar 24 17:23:11 2026",
  "global options" : {
    "numjobs" : "8",
    "ioengine" : "libaio",
    "direct" : "1",
    "runtime" : "300",
    "time_based" : "1",
    "group_reporting" : "1",
    "size" : "100%",
    "filename" : "/dev/nvme0n1"
  },
  "jobs" : [
    {
      "jobname" : "randread-4k",
      "groupid" : 0,
      "job_start" : 1774394291462,
      "error" : 0,
      "eta" : 0,
      "elapsed" : 301,
      "job options" : {
        "rw" : "randread",
        "bs" : "4k",
        "iodepth" : "32"
      },
      "read" : {
        "io_bytes" : 1558873432064,
        "io_kbytes" : 1522337336,
        "bw_bytes" : 5196227452,
        "bw" : 5074440,
        "iops" : 1268610.217966,
        "runtime" : 300001,
        "total_ios" : 380584334,
        "short_ios" : 0,
        "drop_ios" : 0,
        "slat_ns" : {
          "min" : 1006,
          "max" : 444008,
          "mean" : 1476.841861,
          "stddev" : 816.071036,
          "N" : 380584334
        },
        "clat_ns" : {
          "min" : 7389,
          "max" : 864157,
          "mean" : 200010.659447,
          "stddev" : 7564.968212,
          "N" : 380584334,
          "percentile" : {
            "1.000000" : 189440,
            "5.000000" : 193536,
            "10.000000" : 195584,
            "20.000000" : 197632,
            "30.000000" : 197632,
            "40.000000" : 199680,
            "50.000000" : 199680,
            "60.000000" : 199680,
            "70.000000" : 201728,
            "80.000000" : 201728,
            "90.000000" : 203776,
            "95.000000" : 203776,
            "99.000000" : 240640,
            "99.500000" : 257024,
            "99.900000" : 276480,
            "99.950000" : 317440,
            "99.990000" : 358400
          }
        },
        "lat_ns" : {
          "min" : 9348,
          "max" : 865509,
          "mean" : 201487.501307,
          "stddev" : 7646.707153,
          "N" : 380584334
        },
        "bw_min" : 4985920,
        "bw_max" : 5096648,
        "bw_agg" : 100.000000,
        "bw_mean" : 5078395.813022,
        "bw_dev" : 1502.079559,
        "bw_samples" : 4792,
        "iops_min" : 1246480,
        "iops_max" : 1274164,
        "iops_mean" : 1269598.424040,
        "iops_stddev" : 375.513173,
        "iops_samples" : 4792
      },
      "write" : {
        "io_bytes" : 0,
        "io_kbytes" : 0,
        "bw_bytes" : 0,
        "bw" : 0,
        "iops" : 0.000000,
        "runtime" : 0,
        "total_ios" : 0,
        "short_ios" : 0,
        "drop_ios" : 0,
        "slat_ns" : {
          "min" : 0,
          "max" : 0,
          "mean" : 0.000000,
          "stddev" : 0.000000,
          "N" : 0
        },
        "clat_ns" : {
          "min" : 0,
          "max" : 0,
          "mean" : 0.000000,
          "stddev" : 0.000000,
          "N" : 0
        },
        "lat_ns" : {
          "min" : 0,
          "max" : 0,
          "mean" : 0.000000,
          "stddev" : 0.000000,
          "N" : 0
        },
        "bw_min" : 0,
        "bw_max" : 0,
        "bw_agg" : 0.000000,
        "bw_mean" : 0.000000,
        "bw_dev" : 0.000000,
        "bw_samples" : 0,
        "iops_min" : 0,
        "iops_max" : 0,
        "iops_mean" : 0.000000,
        "iops_stddev" : 0.000000,
        "iops_samples" : 0
      },
      "trim" : {
        "io_bytes" : 0,
        "io_kbytes" : 0,
        "bw_bytes" : 0,
        "bw" : 0,
        "iops" : 0.000000,
        "runtime" : 0,
        "total_ios" : 0,
        "short_ios" : 0,
        "drop_ios" : 0,
        "slat_ns" : {
          "min" : 0,
          "max" : 0,
          "mean" : 0.000000,
          "stddev" : 0.000000,
          "N" : 0
        },
        "clat_ns" : {
          "min" : 0,
          "max" : 0,
          "mean" : 0.000000,
          "stddev" : 0.000000,
          "N" : 0
        },
        "lat_ns" : {
          "min" : 0,
          "max" : 0,
          "mean" : 0.000000,
          "stddev" : 0.000000,
          "N" : 0
        },
        "bw_min" : 0,
        "bw_max" : 0,
        "bw_agg" : 0.000000,
        "bw_mean" : 0.000000,
        "bw_dev" : 0.000000,
        "bw_samples" : 0,
        "iops_min" : 0,
        "iops_max" : 0,
        "iops_mean" : 0.000000,
        "iops_stddev" : 0.000000,
        "iops_samples" : 0
      },
      "sync" : {
        "total_ios" : 0,
        "lat_ns" : {
          "min" : 0,
          "max" : 0,
          "mean" : 0.000000,
          "stddev" : 0.000000,
          "N" : 0
        }
      },
      "job_runtime" : 2400000,
      "usr_cpu" : 10.561750,
      "sys_cpu" : 30.797042,
      "ctx" : 77427219,
      "majf" : 0,
      "minf" : 356,
      "iodepth_level" : {
        "1" : 0.100000,
        "2" : 0.100000,
        "4" : 0.100000,
        "8" : 0.100000,
        "16" : 0.100000,
        "32" : 99.999935,
        ">=64" : 0.000000
      },
      "iodepth_submit" : {
        "0" : 0.000000,
        "4" : 100.000000,
        "8" : 0.000000,
        "16" : 0.000000,
        "32" : 0.000000,
        "64" : 0.000000,
        ">=64" : 0.000000
      },
      "iodepth_complete" : {
        "0" : 0.000000,
        "4" : 99.999998,
        "8" : 0.000000,
        "16" : 0.000000,
        "32" : 0.100000,
        "64" : 0.000000,
        ">=64" : 0.000000
      },
      "latency_ns" : {
        "2" : 0.000000,
        "4" : 0.000000,
        "10" : 0.000000,
        "20" : 0.000000,
        "50" : 0.000000,
        "100" : 0.000000,
        "250" : 0.000000,
        "500" : 0.000000,
        "750" : 0.000000,
        "1000" : 0.000000
      },
      "latency_us" : {
        "2" : 0.000000,
        "4" : 0.000000,
        "10" : 0.010000,
        "20" : 0.010000,
        "50" : 0.010000,
        "100" : 0.010000,
        "250" : 99.134753,
        "500" : 0.864964,
        "750" : 0.010000,
        "1000" : 0.010000
      },
      "latency_ms" : {
        "2" : 0.000000,
        "4" : 0.000000,
        "10" : 0.000000,
        "20" : 0.000000,
        "50" : 0.000000,
        "100" : 0.000000,
        "250" : 0.000000,
        "500" : 0.000000,
        "750" : 0.000000,
        "1000" : 0.000000,
        "2000" : 0.000000,
        ">=2000" : 0.000000
      },
      "latency_depth" : 32,
      "latency_target" : 0,
      "latency_percentile" : 100.000000,
      "latency_window" : 0
    }
  ],
  "disk_util" : [
    {
      "name" : "nvme0n1",
      "read_ios" : 380436519,
      "write_ios" : 495,
      "read_sectors" : 3043492152,
      "write_sectors" : 5536,
      "read_merges" : 0,
      "write_merges" : 112,
      "read_ticks" : 74359999,
      "write_ticks" : 20,
      "in_queue" : 74360019,
      "util" : 100.000000
    }
  ]
}
