{
  "fio version" : "fio-3.36",
  "timestamp" : 1774394891,
  "timestamp_ms" : 1774394891853,
  "time" : "Tue Mar 24 17:28:11 2026",
  "global options" : {
    "numjobs" : "8",
    "ioengine" : "libaio",
    "direct" : "1",
    "runtime" : "300",
    "time_based" : "1",
    "group_reporting" : "1",
    "size" : "100%",
    "filename" : "/dev/nvme0n1"
  },
  "jobs" : [
    {
      "jobname" : "randread-4k",
      "groupid" : 0,
      "job_start" : 1774394591805,
      "error" : 0,
      "eta" : 0,
      "elapsed" : 301,
      "job options" : {
        "rw" : "randread",
        "bs" : "4k",
        "iodepth" : "32"
      },
      "read" : {
        "io_bytes" : 1558471217152,
        "io_kbytes" : 1521944548,
        "bw_bytes" : 5194886740,
        "bw" : 5073131,
        "iops" : 1268282.895724,
        "runtime" : 300001,
        "total_ios" : 380486137,
        "short_ios" : 0,
        "drop_ios" : 0,
        "slat_ns" : {
          "min" : 1009,
          "max" : 142001,
          "mean" : 1472.217580,
          "stddev" : 808.871487,
          "N" : 380486137
        },
        "clat_ns" : {
          "min" : 7195,
          "max" : 611138,
          "mean" : 200060.361056,
          "stddev" : 7552.176985,
          "N" : 380486137,
          "percentile" : {
            "1.000000" : 189440,
            "5.000000" : 193536,
            "10.000000" : 195584,
            "20.000000" : 197632,
            "30.000000" : 197632,
            "40.000000" : 199680,
            "50.000000" : 199680,
            "60.000000" : 199680,
            "70.000000" : 201728,
            "80.000000" : 201728,
            "90.000000" : 203776,
            "95.000000" : 203776,
            "99.000000" : 240640,
            "99.500000" : 257024,
            "99.900000" : 276480,
            "99.950000" : 317440,
            "99.990000" : 358400
          }
        },
        "lat_ns" : {
          "min" : 9034,
          "max" : 612235,
          "mean" : 201532.578636,
          "stddev" : 7633.117590,
          "N" : 380486137
        },
        "bw_min" : 4986733,
        "bw_max" : 5099937,
        "bw_agg" : 100.000000,
        "bw_mean" : 5078200.136895,
        "bw_dev" : 1721.268822,
        "bw_samples" : 4792,
        "iops_min" : 1246682,
        "iops_max" : 1274986,
        "iops_mean" : 1269549.061770,
        "iops_stddev" : 430.317304,
        "iops_samples" : 4792
      },
      "write" : {
        "io_bytes" : 0,
        "io_kbytes" : 0,
        "bw_bytes" : 0,
        "bw" : 0,
        "iops" : 0.000000,
        "runtime" : 0,
        "total_ios" : 0,
        "short_ios" : 0,
        "drop_ios" : 0,
        "slat_ns" : {
          "min" : 0,
          "max" : 0,
          "mean" : 0.000000,
          "stddev" : 0.000000,
          "N" : 0
        },
        "clat_ns" : {
          "min" : 0,
          "max" : 0,
          "mean" : 0.000000,
          "stddev" : 0.000000,
          "N" : 0
        },
        "lat_ns" : {
          "min" : 0,
          "max" : 0,
          "mean" : 0.000000,
          "stddev" : 0.000000,
          "N" : 0
        },
        "bw_min" : 0,
        "bw_max" : 0,
        "bw_agg" : 0.000000,
        "bw_mean" : 0.000000,
        "bw_dev" : 0.000000,
        "bw_samples" : 0,
        "iops_min" : 0,
        "iops_max" : 0,
        "iops_mean" : 0.000000,
        "iops_stddev" : 0.000000,
        "iops_samples" : 0
      },
      "trim" : {
        "io_bytes" : 0,
        "io_kbytes" : 0,
        "bw_bytes" : 0,
        "bw" : 0,
        "iops" : 0.000000,
        "runtime" : 0,
        "total_ios" : 0,
        "short_ios" : 0,
        "drop_ios" : 0,
        "slat_ns" : {
          "min" : 0,
          "max" : 0,
          "mean" : 0.000000,
          "stddev" : 0.000000,
          "N" : 0
        },
        "clat_ns" : {
          "min" : 0,
          "max" : 0,
          "mean" : 0.000000,
          "stddev" : 0.000000,
          "N" : 0
        },
        "lat_ns" : {
          "min" : 0,
          "max" : 0,
          "mean" : 0.000000,
          "stddev" : 0.000000,
          "N" : 0
        },
        "bw_min" : 0,
        "bw_max" : 0,
        "bw_agg" : 0.000000,
        "bw_mean" : 0.000000,
        "bw_dev" : 0.000000,
        "bw_samples" : 0,
        "iops_min" : 0,
        "iops_max" : 0,
        "iops_mean" : 0.000000,
        "iops_stddev" : 0.000000,
        "iops_samples" : 0
      },
      "sync" : {
        "total_ios" : 0,
        "lat_ns" : {
          "min" : 0,
          "max" : 0,
          "mean" : 0.000000,
          "stddev" : 0.000000,
          "N" : 0
        }
      },
      "job_runtime" : 2400000,
      "usr_cpu" : 10.707750,
      "sys_cpu" : 30.682458,
      "ctx" : 77451227,
      "majf" : 0,
      "minf" : 350,
      "iodepth_level" : {
        "1" : 0.100000,
        "2" : 0.100000,
        "4" : 0.100000,
        "8" : 0.100000,
        "16" : 0.100000,
        "32" : 99.999935,
        ">=64" : 0.000000
      },
      "iodepth_submit" : {
        "0" : 0.000000,
        "4" : 100.000000,
        "8" : 0.000000,
        "16" : 0.000000,
        "32" : 0.000000,
        "64" : 0.000000,
        ">=64" : 0.000000
      },
      "iodepth_complete" : {
        "0" : 0.000000,
        "4" : 99.999998,
        "8" : 0.000000,
        "16" : 0.000000,
        "32" : 0.100000,
        "64" : 0.000000,
        ">=64" : 0.000000
      },
      "latency_ns" : {
        "2" : 0.000000,
        "4" : 0.000000,
        "10" : 0.000000,
        "20" : 0.000000,
        "50" : 0.000000,
        "100" : 0.000000,
        "250" : 0.000000,
        "500" : 0.000000,
        "750" : 0.000000,
        "1000" : 0.000000
      },
      "latency_us" : {
        "2" : 0.000000,
        "4" : 0.000000,
        "10" : 0.010000,
        "20" : 0.010000,
        "50" : 0.010000,
        "100" : 0.010000,
        "250" : 99.133740,
        "500" : 0.866106,
        "750" : 0.010000,
        "1000" : 0.000000
      },
      "latency_ms" : {
        "2" : 0.000000,
        "4" : 0.000000,
        "10" : 0.000000,
        "20" : 0.000000,
        "50" : 0.000000,
        "100" : 0.000000,
        "250" : 0.000000,
        "500" : 0.000000,
        "750" : 0.000000,
        "1000" : 0.000000,
        "2000" : 0.000000,
        ">=2000" : 0.000000
      },
      "latency_depth" : 32,
      "latency_target" : 0,
      "latency_percentile" : 100.000000,
      "latency_window" : 0
    }
  ],
  "disk_util" : [
    {
      "name" : "nvme0n1",
      "read_ios" : 380337485,
      "write_ios" : 358,
      "read_sectors" : 3042699880,
      "write_sectors" : 3848,
      "read_merges" : 0,
      "write_merges" : 65,
      "read_ticks" : 74357539,
      "write_ticks" : 17,
      "in_queue" : 74357555,
      "util" : 100.000000
    }
  ]
}
