{
  "fio version" : "fio-3.36",
  "timestamp" : 1774395492,
  "timestamp_ms" : 1774395492551,
  "time" : "Tue Mar 24 17:38:12 2026",
  "global options" : {
    "numjobs" : "8",
    "ioengine" : "libaio",
    "direct" : "1",
    "runtime" : "300",
    "time_based" : "1",
    "group_reporting" : "1",
    "size" : "100%",
    "filename" : "/dev/nvme0n1"
  },
  "jobs" : [
    {
      "jobname" : "randread-4k",
      "groupid" : 0,
      "job_start" : 1774395192506,
      "error" : 0,
      "eta" : 0,
      "elapsed" : 301,
      "job options" : {
        "rw" : "randread",
        "bs" : "4k",
        "iodepth" : "32"
      },
      "read" : {
        "io_bytes" : 1558601396224,
        "io_kbytes" : 1522071676,
        "bw_bytes" : 5195320669,
        "bw" : 5073555,
        "iops" : 1268388.835371,
        "runtime" : 300001,
        "total_ios" : 380517919,
        "short_ios" : 0,
        "drop_ios" : 0,
        "slat_ns" : {
          "min" : 1013,
          "max" : 136098,
          "mean" : 1474.928444,
          "stddev" : 818.756182,
          "N" : 380517919
        },
        "clat_ns" : {
          "min" : 7954,
          "max" : 625240,
          "mean" : 200053.555031,
          "stddev" : 7619.584651,
          "N" : 380517919,
          "percentile" : {
            "1.000000" : 189440,
            "5.000000" : 193536,
            "10.000000" : 195584,
            "20.000000" : 197632,
            "30.000000" : 197632,
            "40.000000" : 199680,
            "50.000000" : 199680,
            "60.000000" : 199680,
            "70.000000" : 201728,
            "80.000000" : 201728,
            "90.000000" : 203776,
            "95.000000" : 203776,
            "99.000000" : 244736,
            "99.500000" : 257024,
            "99.900000" : 276480,
            "99.950000" : 317440,
            "99.990000" : 362496
          }
        },
        "lat_ns" : {
          "min" : 9839,
          "max" : 626400,
          "mean" : 201528.483475,
          "stddev" : 7701.733088,
          "N" : 380517919
        },
        "bw_min" : 4987288,
        "bw_max" : 5097010,
        "bw_agg" : 100.000000,
        "bw_mean" : 5079018.490818,
        "bw_dev" : 1500.604021,
        "bw_samples" : 4792,
        "iops_min" : 1246821,
        "iops_max" : 1274252,
        "iops_mean" : 1269753.504174,
        "iops_stddev" : 375.144354,
        "iops_samples" : 4792
      },
      "write" : {
        "io_bytes" : 0,
        "io_kbytes" : 0,
        "bw_bytes" : 0,
        "bw" : 0,
        "iops" : 0.000000,
        "runtime" : 0,
        "total_ios" : 0,
        "short_ios" : 0,
        "drop_ios" : 0,
        "slat_ns" : {
          "min" : 0,
          "max" : 0,
          "mean" : 0.000000,
          "stddev" : 0.000000,
          "N" : 0
        },
        "clat_ns" : {
          "min" : 0,
          "max" : 0,
          "mean" : 0.000000,
          "stddev" : 0.000000,
          "N" : 0
        },
        "lat_ns" : {
          "min" : 0,
          "max" : 0,
          "mean" : 0.000000,
          "stddev" : 0.000000,
          "N" : 0
        },
        "bw_min" : 0,
        "bw_max" : 0,
        "bw_agg" : 0.000000,
        "bw_mean" : 0.000000,
        "bw_dev" : 0.000000,
        "bw_samples" : 0,
        "iops_min" : 0,
        "iops_max" : 0,
        "iops_mean" : 0.000000,
        "iops_stddev" : 0.000000,
        "iops_samples" : 0
      },
      "trim" : {
        "io_bytes" : 0,
        "io_kbytes" : 0,
        "bw_bytes" : 0,
        "bw" : 0,
        "iops" : 0.000000,
        "runtime" : 0,
        "total_ios" : 0,
        "short_ios" : 0,
        "drop_ios" : 0,
        "slat_ns" : {
          "min" : 0,
          "max" : 0,
          "mean" : 0.000000,
          "stddev" : 0.000000,
          "N" : 0
        },
        "clat_ns" : {
          "min" : 0,
          "max" : 0,
          "mean" : 0.000000,
          "stddev" : 0.000000,
          "N" : 0
        },
        "lat_ns" : {
          "min" : 0,
          "max" : 0,
          "mean" : 0.000000,
          "stddev" : 0.000000,
          "N" : 0
        },
        "bw_min" : 0,
        "bw_max" : 0,
        "bw_agg" : 0.000000,
        "bw_mean" : 0.000000,
        "bw_dev" : 0.000000,
        "bw_samples" : 0,
        "iops_min" : 0,
        "iops_max" : 0,
        "iops_mean" : 0.000000,
        "iops_stddev" : 0.000000,
        "iops_samples" : 0
      },
      "sync" : {
        "total_ios" : 0,
        "lat_ns" : {
          "min" : 0,
          "max" : 0,
          "mean" : 0.000000,
          "stddev" : 0.000000,
          "N" : 0
        }
      },
      "job_runtime" : 2400000,
      "usr_cpu" : 10.517625,
      "sys_cpu" : 30.707792,
      "ctx" : 77376606,
      "majf" : 0,
      "minf" : 345,
      "iodepth_level" : {
        "1" : 0.100000,
        "2" : 0.100000,
        "4" : 0.100000,
        "8" : 0.100000,
        "16" : 0.100000,
        "32" : 99.999935,
        ">=64" : 0.000000
      },
      "iodepth_submit" : {
        "0" : 0.000000,
        "4" : 100.000000,
        "8" : 0.000000,
        "16" : 0.000000,
        "32" : 0.000000,
        "64" : 0.000000,
        ">=64" : 0.000000
      },
      "iodepth_complete" : {
        "0" : 0.000000,
        "4" : 99.999998,
        "8" : 0.000000,
        "16" : 0.000000,
        "32" : 0.100000,
        "64" : 0.000000,
        ">=64" : 0.000000
      },
      "latency_ns" : {
        "2" : 0.000000,
        "4" : 0.000000,
        "10" : 0.000000,
        "20" : 0.000000,
        "50" : 0.000000,
        "100" : 0.000000,
        "250" : 0.000000,
        "500" : 0.000000,
        "750" : 0.000000,
        "1000" : 0.000000
      },
      "latency_us" : {
        "2" : 0.000000,
        "4" : 0.000000,
        "10" : 0.010000,
        "20" : 0.010000,
        "50" : 0.010000,
        "100" : 0.010000,
        "250" : 99.119596,
        "500" : 0.880246,
        "750" : 0.010000,
        "1000" : 0.000000
      },
      "latency_ms" : {
        "2" : 0.000000,
        "4" : 0.000000,
        "10" : 0.000000,
        "20" : 0.000000,
        "50" : 0.000000,
        "100" : 0.000000,
        "250" : 0.000000,
        "500" : 0.000000,
        "750" : 0.000000,
        "1000" : 0.000000,
        "2000" : 0.000000,
        ">=2000" : 0.000000
      },
      "latency_depth" : 32,
      "latency_target" : 0,
      "latency_percentile" : 100.000000,
      "latency_window" : 0
    }
  ],
  "disk_util" : [
    {
      "name" : "nvme0n1",
      "read_ios" : 380370317,
      "write_ios" : 332,
      "read_sectors" : 3042962536,
      "write_sectors" : 3504,
      "read_merges" : 0,
      "write_merges" : 50,
      "read_ticks" : 74368316,
      "write_ticks" : 14,
      "in_queue" : 74368330,
      "util" : 100.000000
    }
  ]
}
