{
  "fio version" : "fio-3.36",
  "timestamp" : 1774392789,
  "timestamp_ms" : 1774392789408,
  "time" : "Tue Mar 24 16:53:09 2026",
  "global options" : {
    "numjobs" : "4",
    "ioengine" : "libaio",
    "direct" : "1",
    "runtime" : "300",
    "time_based" : "1",
    "group_reporting" : "1",
    "size" : "100%",
    "filename" : "/dev/nvme0n1"
  },
  "jobs" : [
    {
      "jobname" : "randread-4k",
      "groupid" : 0,
      "job_start" : 1774392489368,
      "error" : 0,
      "eta" : 0,
      "elapsed" : 301,
      "job options" : {
        "rw" : "randread",
        "bs" : "4k",
        "iodepth" : "32"
      },
      "read" : {
        "io_bytes" : 1560521641984,
        "io_kbytes" : 1523946916,
        "bw_bytes" : 5201721467,
        "bw" : 5079806,
        "iops" : 1269951.530162,
        "runtime" : 300001,
        "total_ios" : 380986729,
        "short_ios" : 0,
        "drop_ios" : 0,
        "slat_ns" : {
          "min" : 1022,
          "max" : 148126,
          "mean" : 1581.705490,
          "stddev" : 681.319487,
          "N" : 380986729
        },
        "clat_ns" : {
          "min" : 7470,
          "max" : 691805,
          "mean" : 98905.447015,
          "stddev" : 10974.703981,
          "N" : 380986729,
          "percentile" : {
            "1.000000" : 80384,
            "5.000000" : 93696,
            "10.000000" : 95744,
            "20.000000" : 96768,
            "30.000000" : 96768,
            "40.000000" : 97792,
            "50.000000" : 97792,
            "60.000000" : 98816,
            "70.000000" : 98816,
            "80.000000" : 99840,
            "90.000000" : 100864,
            "95.000000" : 102912,
            "99.000000" : 150528,
            "99.500000" : 160768,
            "99.900000" : 309248,
            "99.950000" : 317440,
            "99.990000" : 358400
          }
        },
        "lat_ns" : {
          "min" : 9277,
          "max" : 693026,
          "mean" : 100487.152505,
          "stddev" : 11123.971110,
          "N" : 380986729
        },
        "bw_min" : 4785886,
        "bw_max" : 5337962,
        "bw_agg" : 100.000000,
        "bw_mean" : 5084481.550918,
        "bw_dev" : 9141.831703,
        "bw_samples" : 2396,
        "iops_min" : 1196471,
        "iops_max" : 1334490,
        "iops_mean" : 1271120.175292,
        "iops_stddev" : 2285.472149,
        "iops_samples" : 2396
      },
      "write" : {
        "io_bytes" : 0,
        "io_kbytes" : 0,
        "bw_bytes" : 0,
        "bw" : 0,
        "iops" : 0.000000,
        "runtime" : 0,
        "total_ios" : 0,
        "short_ios" : 0,
        "drop_ios" : 0,
        "slat_ns" : {
          "min" : 0,
          "max" : 0,
          "mean" : 0.000000,
          "stddev" : 0.000000,
          "N" : 0
        },
        "clat_ns" : {
          "min" : 0,
          "max" : 0,
          "mean" : 0.000000,
          "stddev" : 0.000000,
          "N" : 0
        },
        "lat_ns" : {
          "min" : 0,
          "max" : 0,
          "mean" : 0.000000,
          "stddev" : 0.000000,
          "N" : 0
        },
        "bw_min" : 0,
        "bw_max" : 0,
        "bw_agg" : 0.000000,
        "bw_mean" : 0.000000,
        "bw_dev" : 0.000000,
        "bw_samples" : 0,
        "iops_min" : 0,
        "iops_max" : 0,
        "iops_mean" : 0.000000,
        "iops_stddev" : 0.000000,
        "iops_samples" : 0
      },
      "trim" : {
        "io_bytes" : 0,
        "io_kbytes" : 0,
        "bw_bytes" : 0,
        "bw" : 0,
        "iops" : 0.000000,
        "runtime" : 0,
        "total_ios" : 0,
        "short_ios" : 0,
        "drop_ios" : 0,
        "slat_ns" : {
          "min" : 0,
          "max" : 0,
          "mean" : 0.000000,
          "stddev" : 0.000000,
          "N" : 0
        },
        "clat_ns" : {
          "min" : 0,
          "max" : 0,
          "mean" : 0.000000,
          "stddev" : 0.000000,
          "N" : 0
        },
        "lat_ns" : {
          "min" : 0,
          "max" : 0,
          "mean" : 0.000000,
          "stddev" : 0.000000,
          "N" : 0
        },
        "bw_min" : 0,
        "bw_max" : 0,
        "bw_agg" : 0.000000,
        "bw_mean" : 0.000000,
        "bw_dev" : 0.000000,
        "bw_samples" : 0,
        "iops_min" : 0,
        "iops_max" : 0,
        "iops_mean" : 0.000000,
        "iops_stddev" : 0.000000,
        "iops_samples" : 0
      },
      "sync" : {
        "total_ios" : 0,
        "lat_ns" : {
          "min" : 0,
          "max" : 0,
          "mean" : 0.000000,
          "stddev" : 0.000000,
          "N" : 0
        }
      },
      "job_runtime" : 1200000,
      "usr_cpu" : 20.267167,
      "sys_cpu" : 61.300333,
      "ctx" : 74112965,
      "majf" : 0,
      "minf" : 180,
      "iodepth_level" : {
        "1" : 0.100000,
        "2" : 0.100000,
        "4" : 0.100000,
        "8" : 0.100000,
        "16" : 0.100000,
        "32" : 99.999967,
        ">=64" : 0.000000
      },
      "iodepth_submit" : {
        "0" : 0.000000,
        "4" : 100.000000,
        "8" : 0.000000,
        "16" : 0.000000,
        "32" : 0.000000,
        "64" : 0.000000,
        ">=64" : 0.000000
      },
      "iodepth_complete" : {
        "0" : 0.000000,
        "4" : 99.999999,
        "8" : 0.000000,
        "16" : 0.000000,
        "32" : 0.100000,
        "64" : 0.000000,
        ">=64" : 0.000000
      },
      "latency_ns" : {
        "2" : 0.000000,
        "4" : 0.000000,
        "10" : 0.000000,
        "20" : 0.000000,
        "50" : 0.000000,
        "100" : 0.000000,
        "250" : 0.000000,
        "500" : 0.000000,
        "750" : 0.000000,
        "1000" : 0.000000
      },
      "latency_us" : {
        "2" : 0.000000,
        "4" : 0.000000,
        "10" : 0.010000,
        "20" : 0.010000,
        "50" : 0.010000,
        "100" : 80.998463,
        "250" : 18.862615,
        "500" : 0.138824,
        "750" : 0.010000,
        "1000" : 0.000000
      },
      "latency_ms" : {
        "2" : 0.000000,
        "4" : 0.000000,
        "10" : 0.000000,
        "20" : 0.000000,
        "50" : 0.000000,
        "100" : 0.000000,
        "250" : 0.000000,
        "500" : 0.000000,
        "750" : 0.000000,
        "1000" : 0.000000,
        "2000" : 0.000000,
        ">=2000" : 0.000000
      },
      "latency_depth" : 32,
      "latency_target" : 0,
      "latency_percentile" : 100.000000,
      "latency_window" : 0
    }
  ],
  "disk_util" : [
    {
      "name" : "nvme0n1",
      "read_ios" : 380843055,
      "write_ios" : 888,
      "read_sectors" : 3046744440,
      "write_sectors" : 126768,
      "read_merges" : 0,
      "write_merges" : 229,
      "read_ticks" : 36663865,
      "write_ticks" : 619,
      "in_queue" : 36664484,
      "util" : 100.000000
    }
  ]
}
