{
  "fio version" : "fio-3.36",
  "timestamp" : 1774393089,
  "timestamp_ms" : 1774393089753,
  "time" : "Tue Mar 24 16:58:09 2026",
  "global options" : {
    "numjobs" : "4",
    "ioengine" : "libaio",
    "direct" : "1",
    "runtime" : "300",
    "time_based" : "1",
    "group_reporting" : "1",
    "size" : "100%",
    "filename" : "/dev/nvme0n1"
  },
  "jobs" : [
    {
      "jobname" : "randread-4k",
      "groupid" : 0,
      "job_start" : 1774392789719,
      "error" : 0,
      "eta" : 0,
      "elapsed" : 301,
      "job options" : {
        "rw" : "randread",
        "bs" : "4k",
        "iodepth" : "32"
      },
      "read" : {
        "io_bytes" : 1560177872896,
        "io_kbytes" : 1523611204,
        "bw_bytes" : 5200575574,
        "bw" : 5078687,
        "iops" : 1269671.771094,
        "runtime" : 300001,
        "total_ios" : 380902801,
        "short_ios" : 0,
        "drop_ios" : 0,
        "slat_ns" : {
          "min" : 1015,
          "max" : 512312,
          "mean" : 1572.074246,
          "stddev" : 675.459604,
          "N" : 380902801
        },
        "clat_ns" : {
          "min" : 5617,
          "max" : 675023,
          "mean" : 98934.827286,
          "stddev" : 10602.828422,
          "N" : 380902801,
          "percentile" : {
            "1.000000" : 80384,
            "5.000000" : 93696,
            "10.000000" : 95744,
            "20.000000" : 96768,
            "30.000000" : 96768,
            "40.000000" : 97792,
            "50.000000" : 97792,
            "60.000000" : 98816,
            "70.000000" : 98816,
            "80.000000" : 99840,
            "90.000000" : 100864,
            "95.000000" : 102912,
            "99.000000" : 150528,
            "99.500000" : 158720,
            "99.900000" : 309248,
            "99.950000" : 317440,
            "99.990000" : 354304
          }
        },
        "lat_ns" : {
          "min" : 16158,
          "max" : 676228,
          "mean" : 100506.901533,
          "stddev" : 10742.641956,
          "N" : 380902801
        },
        "bw_min" : 4832096,
        "bw_max" : 5330120,
        "bw_agg" : 100.000000,
        "bw_mean" : 5083368.963272,
        "bw_dev" : 8724.030338,
        "bw_samples" : 2396,
        "iops_min" : 1208026,
        "iops_max" : 1332532,
        "iops_mean" : 1270841.914858,
        "iops_stddev" : 2181.011573,
        "iops_samples" : 2396
      },
      "write" : {
        "io_bytes" : 0,
        "io_kbytes" : 0,
        "bw_bytes" : 0,
        "bw" : 0,
        "iops" : 0.000000,
        "runtime" : 0,
        "total_ios" : 0,
        "short_ios" : 0,
        "drop_ios" : 0,
        "slat_ns" : {
          "min" : 0,
          "max" : 0,
          "mean" : 0.000000,
          "stddev" : 0.000000,
          "N" : 0
        },
        "clat_ns" : {
          "min" : 0,
          "max" : 0,
          "mean" : 0.000000,
          "stddev" : 0.000000,
          "N" : 0
        },
        "lat_ns" : {
          "min" : 0,
          "max" : 0,
          "mean" : 0.000000,
          "stddev" : 0.000000,
          "N" : 0
        },
        "bw_min" : 0,
        "bw_max" : 0,
        "bw_agg" : 0.000000,
        "bw_mean" : 0.000000,
        "bw_dev" : 0.000000,
        "bw_samples" : 0,
        "iops_min" : 0,
        "iops_max" : 0,
        "iops_mean" : 0.000000,
        "iops_stddev" : 0.000000,
        "iops_samples" : 0
      },
      "trim" : {
        "io_bytes" : 0,
        "io_kbytes" : 0,
        "bw_bytes" : 0,
        "bw" : 0,
        "iops" : 0.000000,
        "runtime" : 0,
        "total_ios" : 0,
        "short_ios" : 0,
        "drop_ios" : 0,
        "slat_ns" : {
          "min" : 0,
          "max" : 0,
          "mean" : 0.000000,
          "stddev" : 0.000000,
          "N" : 0
        },
        "clat_ns" : {
          "min" : 0,
          "max" : 0,
          "mean" : 0.000000,
          "stddev" : 0.000000,
          "N" : 0
        },
        "lat_ns" : {
          "min" : 0,
          "max" : 0,
          "mean" : 0.000000,
          "stddev" : 0.000000,
          "N" : 0
        },
        "bw_min" : 0,
        "bw_max" : 0,
        "bw_agg" : 0.000000,
        "bw_mean" : 0.000000,
        "bw_dev" : 0.000000,
        "bw_samples" : 0,
        "iops_min" : 0,
        "iops_max" : 0,
        "iops_mean" : 0.000000,
        "iops_stddev" : 0.000000,
        "iops_samples" : 0
      },
      "sync" : {
        "total_ios" : 0,
        "lat_ns" : {
          "min" : 0,
          "max" : 0,
          "mean" : 0.000000,
          "stddev" : 0.000000,
          "N" : 0
        }
      },
      "job_runtime" : 1200000,
      "usr_cpu" : 20.375583,
      "sys_cpu" : 60.863583,
      "ctx" : 75223118,
      "majf" : 0,
      "minf" : 179,
      "iodepth_level" : {
        "1" : 0.100000,
        "2" : 0.100000,
        "4" : 0.100000,
        "8" : 0.100000,
        "16" : 0.100000,
        "32" : 99.999967,
        ">=64" : 0.000000
      },
      "iodepth_submit" : {
        "0" : 0.000000,
        "4" : 100.000000,
        "8" : 0.000000,
        "16" : 0.000000,
        "32" : 0.000000,
        "64" : 0.000000,
        ">=64" : 0.000000
      },
      "iodepth_complete" : {
        "0" : 0.000000,
        "4" : 99.999999,
        "8" : 0.000000,
        "16" : 0.000000,
        "32" : 0.100000,
        "64" : 0.000000,
        ">=64" : 0.000000
      },
      "latency_ns" : {
        "2" : 0.000000,
        "4" : 0.000000,
        "10" : 0.000000,
        "20" : 0.000000,
        "50" : 0.000000,
        "100" : 0.000000,
        "250" : 0.000000,
        "500" : 0.000000,
        "750" : 0.000000,
        "1000" : 0.000000
      },
      "latency_us" : {
        "2" : 0.000000,
        "4" : 0.000000,
        "10" : 0.010000,
        "20" : 0.010000,
        "50" : 0.010000,
        "100" : 80.971060,
        "250" : 18.904192,
        "500" : 0.124543,
        "750" : 0.010000,
        "1000" : 0.000000
      },
      "latency_ms" : {
        "2" : 0.000000,
        "4" : 0.000000,
        "10" : 0.000000,
        "20" : 0.000000,
        "50" : 0.000000,
        "100" : 0.000000,
        "250" : 0.000000,
        "500" : 0.000000,
        "750" : 0.000000,
        "1000" : 0.000000,
        "2000" : 0.000000,
        ">=2000" : 0.000000
      },
      "latency_depth" : 32,
      "latency_target" : 0,
      "latency_percentile" : 100.000000,
      "latency_window" : 0
    }
  ],
  "disk_util" : [
    {
      "name" : "nvme0n1",
      "read_ios" : 380757378,
      "write_ios" : 346,
      "read_sectors" : 3046059032,
      "write_sectors" : 4128,
      "read_merges" : 0,
      "write_merges" : 125,
      "read_ticks" : 36691698,
      "write_ticks" : 16,
      "in_queue" : 36691715,
      "util" : 100.000000
    }
  ]
}
