{
  "fio version" : "fio-3.36",
  "timestamp" : 1774393390,
  "timestamp_ms" : 1774393390093,
  "time" : "Tue Mar 24 17:03:10 2026",
  "global options" : {
    "numjobs" : "4",
    "ioengine" : "libaio",
    "direct" : "1",
    "runtime" : "300",
    "time_based" : "1",
    "group_reporting" : "1",
    "size" : "100%",
    "filename" : "/dev/nvme0n1"
  },
  "jobs" : [
    {
      "jobname" : "randread-4k",
      "groupid" : 0,
      "job_start" : 1774393090060,
      "error" : 0,
      "eta" : 0,
      "elapsed" : 301,
      "job options" : {
        "rw" : "randread",
        "bs" : "4k",
        "iodepth" : "32"
      },
      "read" : {
        "io_bytes" : 1559662764032,
        "io_kbytes" : 1523108168,
        "bw_bytes" : 5198858550,
        "bw" : 5077010,
        "iops" : 1269252.575825,
        "runtime" : 300001,
        "total_ios" : 380777042,
        "short_ios" : 0,
        "drop_ios" : 0,
        "slat_ns" : {
          "min" : 1020,
          "max" : 150028,
          "mean" : 1576.940480,
          "stddev" : 696.991613,
          "N" : 380777042
        },
        "clat_ns" : {
          "min" : 7362,
          "max" : 716641,
          "mean" : 98959.417795,
          "stddev" : 11158.819484,
          "N" : 380777042,
          "percentile" : {
            "1.000000" : 79360,
            "5.000000" : 93696,
            "10.000000" : 95744,
            "20.000000" : 96768,
            "30.000000" : 96768,
            "40.000000" : 97792,
            "50.000000" : 97792,
            "60.000000" : 98816,
            "70.000000" : 98816,
            "80.000000" : 99840,
            "90.000000" : 100864,
            "95.000000" : 102912,
            "99.000000" : 150528,
            "99.500000" : 160768,
            "99.900000" : 313344,
            "99.950000" : 321536,
            "99.990000" : 358400
          }
        },
        "lat_ns" : {
          "min" : 9185,
          "max" : 717724,
          "mean" : 100536.358274,
          "stddev" : 11314.092077,
          "N" : 380777042
        },
        "bw_min" : 4811488,
        "bw_max" : 5339200,
        "bw_agg" : 100.000000,
        "bw_mean" : 5080849.258765,
        "bw_dev" : 9057.616231,
        "bw_samples" : 2396,
        "iops_min" : 1202872,
        "iops_max" : 1334800,
        "iops_mean" : 1270212.181970,
        "iops_stddev" : 2264.406243,
        "iops_samples" : 2396
      },
      "write" : {
        "io_bytes" : 0,
        "io_kbytes" : 0,
        "bw_bytes" : 0,
        "bw" : 0,
        "iops" : 0.000000,
        "runtime" : 0,
        "total_ios" : 0,
        "short_ios" : 0,
        "drop_ios" : 0,
        "slat_ns" : {
          "min" : 0,
          "max" : 0,
          "mean" : 0.000000,
          "stddev" : 0.000000,
          "N" : 0
        },
        "clat_ns" : {
          "min" : 0,
          "max" : 0,
          "mean" : 0.000000,
          "stddev" : 0.000000,
          "N" : 0
        },
        "lat_ns" : {
          "min" : 0,
          "max" : 0,
          "mean" : 0.000000,
          "stddev" : 0.000000,
          "N" : 0
        },
        "bw_min" : 0,
        "bw_max" : 0,
        "bw_agg" : 0.000000,
        "bw_mean" : 0.000000,
        "bw_dev" : 0.000000,
        "bw_samples" : 0,
        "iops_min" : 0,
        "iops_max" : 0,
        "iops_mean" : 0.000000,
        "iops_stddev" : 0.000000,
        "iops_samples" : 0
      },
      "trim" : {
        "io_bytes" : 0,
        "io_kbytes" : 0,
        "bw_bytes" : 0,
        "bw" : 0,
        "iops" : 0.000000,
        "runtime" : 0,
        "total_ios" : 0,
        "short_ios" : 0,
        "drop_ios" : 0,
        "slat_ns" : {
          "min" : 0,
          "max" : 0,
          "mean" : 0.000000,
          "stddev" : 0.000000,
          "N" : 0
        },
        "clat_ns" : {
          "min" : 0,
          "max" : 0,
          "mean" : 0.000000,
          "stddev" : 0.000000,
          "N" : 0
        },
        "lat_ns" : {
          "min" : 0,
          "max" : 0,
          "mean" : 0.000000,
          "stddev" : 0.000000,
          "N" : 0
        },
        "bw_min" : 0,
        "bw_max" : 0,
        "bw_agg" : 0.000000,
        "bw_mean" : 0.000000,
        "bw_dev" : 0.000000,
        "bw_samples" : 0,
        "iops_min" : 0,
        "iops_max" : 0,
        "iops_mean" : 0.000000,
        "iops_stddev" : 0.000000,
        "iops_samples" : 0
      },
      "sync" : {
        "total_ios" : 0,
        "lat_ns" : {
          "min" : 0,
          "max" : 0,
          "mean" : 0.000000,
          "stddev" : 0.000000,
          "N" : 0
        }
      },
      "job_runtime" : 1200000,
      "usr_cpu" : 20.313333,
      "sys_cpu" : 61.242667,
      "ctx" : 73810893,
      "majf" : 0,
      "minf" : 173,
      "iodepth_level" : {
        "1" : 0.100000,
        "2" : 0.100000,
        "4" : 0.100000,
        "8" : 0.100000,
        "16" : 0.100000,
        "32" : 99.999967,
        ">=64" : 0.000000
      },
      "iodepth_submit" : {
        "0" : 0.000000,
        "4" : 100.000000,
        "8" : 0.000000,
        "16" : 0.000000,
        "32" : 0.000000,
        "64" : 0.000000,
        ">=64" : 0.000000
      },
      "iodepth_complete" : {
        "0" : 0.000000,
        "4" : 99.999999,
        "8" : 0.000000,
        "16" : 0.000000,
        "32" : 0.100000,
        "64" : 0.000000,
        ">=64" : 0.000000
      },
      "latency_ns" : {
        "2" : 0.000000,
        "4" : 0.000000,
        "10" : 0.000000,
        "20" : 0.000000,
        "50" : 0.000000,
        "100" : 0.000000,
        "250" : 0.000000,
        "500" : 0.000000,
        "750" : 0.000000,
        "1000" : 0.000000
      },
      "latency_us" : {
        "2" : 0.000000,
        "4" : 0.000000,
        "10" : 0.010000,
        "20" : 0.010000,
        "50" : 0.010000,
        "100" : 80.409033,
        "250" : 19.445313,
        "500" : 0.145569,
        "750" : 0.010000,
        "1000" : 0.000000
      },
      "latency_ms" : {
        "2" : 0.000000,
        "4" : 0.000000,
        "10" : 0.000000,
        "20" : 0.000000,
        "50" : 0.000000,
        "100" : 0.000000,
        "250" : 0.000000,
        "500" : 0.000000,
        "750" : 0.000000,
        "1000" : 0.000000,
        "2000" : 0.000000,
        ">=2000" : 0.000000
      },
      "latency_depth" : 32,
      "latency_target" : 0,
      "latency_percentile" : 100.000000,
      "latency_window" : 0
    }
  ],
  "disk_util" : [
    {
      "name" : "nvme0n1",
      "read_ios" : 380631063,
      "write_ios" : 256,
      "read_sectors" : 3045049640,
      "write_sectors" : 2688,
      "read_merges" : 0,
      "write_merges" : 35,
      "read_ticks" : 36636529,
      "write_ticks" : 12,
      "in_queue" : 36636540,
      "util" : 100.000000
    }
  ]
}
