{
  "fio version" : "fio-3.36",
  "timestamp" : 1774393990,
  "timestamp_ms" : 1774393990787,
  "time" : "Tue Mar 24 17:13:10 2026",
  "global options" : {
    "numjobs" : "4",
    "ioengine" : "libaio",
    "direct" : "1",
    "runtime" : "300",
    "time_based" : "1",
    "group_reporting" : "1",
    "size" : "100%",
    "filename" : "/dev/nvme0n1"
  },
  "jobs" : [
    {
      "jobname" : "randread-4k",
      "groupid" : 0,
      "job_start" : 1774393690745,
      "error" : 0,
      "eta" : 0,
      "elapsed" : 301,
      "job options" : {
        "rw" : "randread",
        "bs" : "4k",
        "iodepth" : "32"
      },
      "read" : {
        "io_bytes" : 1559978315776,
        "io_kbytes" : 1523416324,
        "bw_bytes" : 5199910386,
        "bw" : 5078037,
        "iops" : 1269509.371635,
        "runtime" : 300001,
        "total_ios" : 380854081,
        "short_ios" : 0,
        "drop_ios" : 0,
        "slat_ns" : {
          "min" : 1024,
          "max" : 150271,
          "mean" : 1572.735758,
          "stddev" : 689.824046,
          "N" : 380854081
        },
        "clat_ns" : {
          "min" : 7256,
          "max" : 587967,
          "mean" : 98945.061773,
          "stddev" : 11066.457710,
          "N" : 380854081,
          "percentile" : {
            "1.000000" : 79360,
            "5.000000" : 93696,
            "10.000000" : 95744,
            "20.000000" : 96768,
            "30.000000" : 96768,
            "40.000000" : 97792,
            "50.000000" : 97792,
            "60.000000" : 98816,
            "70.000000" : 98816,
            "80.000000" : 99840,
            "90.000000" : 100864,
            "95.000000" : 102912,
            "99.000000" : 150528,
            "99.500000" : 160768,
            "99.900000" : 309248,
            "99.950000" : 317440,
            "99.990000" : 362496
          }
        },
        "lat_ns" : {
          "min" : 8325,
          "max" : 589855,
          "mean" : 100517.797531,
          "stddev" : 11217.262454,
          "N" : 380854081
        },
        "bw_min" : 4781488,
        "bw_max" : 5402624,
        "bw_agg" : 100.000000,
        "bw_mean" : 5082190.212020,
        "bw_dev" : 9238.022830,
        "bw_samples" : 2396,
        "iops_min" : 1195372,
        "iops_max" : 1350656,
        "iops_mean" : 1270547.310518,
        "iops_stddev" : 2309.510590,
        "iops_samples" : 2396
      },
      "write" : {
        "io_bytes" : 0,
        "io_kbytes" : 0,
        "bw_bytes" : 0,
        "bw" : 0,
        "iops" : 0.000000,
        "runtime" : 0,
        "total_ios" : 0,
        "short_ios" : 0,
        "drop_ios" : 0,
        "slat_ns" : {
          "min" : 0,
          "max" : 0,
          "mean" : 0.000000,
          "stddev" : 0.000000,
          "N" : 0
        },
        "clat_ns" : {
          "min" : 0,
          "max" : 0,
          "mean" : 0.000000,
          "stddev" : 0.000000,
          "N" : 0
        },
        "lat_ns" : {
          "min" : 0,
          "max" : 0,
          "mean" : 0.000000,
          "stddev" : 0.000000,
          "N" : 0
        },
        "bw_min" : 0,
        "bw_max" : 0,
        "bw_agg" : 0.000000,
        "bw_mean" : 0.000000,
        "bw_dev" : 0.000000,
        "bw_samples" : 0,
        "iops_min" : 0,
        "iops_max" : 0,
        "iops_mean" : 0.000000,
        "iops_stddev" : 0.000000,
        "iops_samples" : 0
      },
      "trim" : {
        "io_bytes" : 0,
        "io_kbytes" : 0,
        "bw_bytes" : 0,
        "bw" : 0,
        "iops" : 0.000000,
        "runtime" : 0,
        "total_ios" : 0,
        "short_ios" : 0,
        "drop_ios" : 0,
        "slat_ns" : {
          "min" : 0,
          "max" : 0,
          "mean" : 0.000000,
          "stddev" : 0.000000,
          "N" : 0
        },
        "clat_ns" : {
          "min" : 0,
          "max" : 0,
          "mean" : 0.000000,
          "stddev" : 0.000000,
          "N" : 0
        },
        "lat_ns" : {
          "min" : 0,
          "max" : 0,
          "mean" : 0.000000,
          "stddev" : 0.000000,
          "N" : 0
        },
        "bw_min" : 0,
        "bw_max" : 0,
        "bw_agg" : 0.000000,
        "bw_mean" : 0.000000,
        "bw_dev" : 0.000000,
        "bw_samples" : 0,
        "iops_min" : 0,
        "iops_max" : 0,
        "iops_mean" : 0.000000,
        "iops_stddev" : 0.000000,
        "iops_samples" : 0
      },
      "sync" : {
        "total_ios" : 0,
        "lat_ns" : {
          "min" : 0,
          "max" : 0,
          "mean" : 0.000000,
          "stddev" : 0.000000,
          "N" : 0
        }
      },
      "job_runtime" : 1200000,
      "usr_cpu" : 20.347917,
      "sys_cpu" : 61.008583,
      "ctx" : 74203777,
      "majf" : 0,
      "minf" : 178,
      "iodepth_level" : {
        "1" : 0.100000,
        "2" : 0.100000,
        "4" : 0.100000,
        "8" : 0.100000,
        "16" : 0.100000,
        "32" : 99.999967,
        ">=64" : 0.000000
      },
      "iodepth_submit" : {
        "0" : 0.000000,
        "4" : 100.000000,
        "8" : 0.000000,
        "16" : 0.000000,
        "32" : 0.000000,
        "64" : 0.000000,
        ">=64" : 0.000000
      },
      "iodepth_complete" : {
        "0" : 0.000000,
        "4" : 99.999999,
        "8" : 0.000000,
        "16" : 0.000000,
        "32" : 0.100000,
        "64" : 0.000000,
        ">=64" : 0.000000
      },
      "latency_ns" : {
        "2" : 0.000000,
        "4" : 0.000000,
        "10" : 0.000000,
        "20" : 0.000000,
        "50" : 0.000000,
        "100" : 0.000000,
        "250" : 0.000000,
        "500" : 0.000000,
        "750" : 0.000000,
        "1000" : 0.000000
      },
      "latency_us" : {
        "2" : 0.000000,
        "4" : 0.000000,
        "10" : 0.010000,
        "20" : 0.010000,
        "50" : 0.010000,
        "100" : 80.611849,
        "250" : 19.246783,
        "500" : 0.141300,
        "750" : 0.010000,
        "1000" : 0.000000
      },
      "latency_ms" : {
        "2" : 0.000000,
        "4" : 0.000000,
        "10" : 0.000000,
        "20" : 0.000000,
        "50" : 0.000000,
        "100" : 0.000000,
        "250" : 0.000000,
        "500" : 0.000000,
        "750" : 0.000000,
        "1000" : 0.000000,
        "2000" : 0.000000,
        ">=2000" : 0.000000
      },
      "latency_depth" : 32,
      "latency_target" : 0,
      "latency_percentile" : 100.000000,
      "latency_window" : 0
    }
  ],
  "disk_util" : [
    {
      "name" : "nvme0n1",
      "read_ios" : 380707468,
      "write_ios" : 530,
      "read_sectors" : 3045659848,
      "write_sectors" : 5552,
      "read_merges" : 0,
      "write_merges" : 73,
      "read_ticks" : 36644250,
      "write_ticks" : 23,
      "in_queue" : 36644274,
      "util" : 100.000000
    }
  ]
}
