{
  "fio version" : "fio-3.36",
  "timestamp" : 1774395792,
  "timestamp_ms" : 1774395792905,
  "time" : "Tue Mar 24 17:43:12 2026",
  "global options" : {
    "numjobs" : "12",
    "ioengine" : "libaio",
    "direct" : "1",
    "runtime" : "300",
    "time_based" : "1",
    "group_reporting" : "1",
    "size" : "100%",
    "filename" : "/dev/nvme0n1"
  },
  "jobs" : [
    {
      "jobname" : "randread-4k",
      "groupid" : 0,
      "job_start" : 1774395492868,
      "error" : 0,
      "eta" : 0,
      "elapsed" : 301,
      "job options" : {
        "rw" : "randread",
        "bs" : "4k",
        "iodepth" : "32"
      },
      "read" : {
        "io_bytes" : 1558640271360,
        "io_kbytes" : 1522109640,
        "bw_bytes" : 5195450253,
        "bw" : 5073681,
        "iops" : 1268420.471932,
        "runtime" : 300001,
        "total_ios" : 380527410,
        "short_ios" : 0,
        "drop_ios" : 0,
        "slat_ns" : {
          "min" : 1006,
          "max" : 158939,
          "mean" : 1425.913298,
          "stddev" : 693.977491,
          "N" : 380527410
        },
        "clat_ns" : {
          "min" : 7254,
          "max" : 846783,
          "mean" : 301004.208296,
          "stddev" : 6513.223163,
          "N" : 380527410,
          "percentile" : {
            "1.000000" : 292864,
            "5.000000" : 296960,
            "10.000000" : 296960,
            "20.000000" : 296960,
            "30.000000" : 301056,
            "40.000000" : 301056,
            "50.000000" : 301056,
            "60.000000" : 301056,
            "70.000000" : 301056,
            "80.000000" : 301056,
            "90.000000" : 305152,
            "95.000000" : 305152,
            "99.000000" : 321536,
            "99.500000" : 354304,
            "99.900000" : 366592,
            "99.950000" : 370688,
            "99.990000" : 407552
          }
        },
        "lat_ns" : {
          "min" : 10519,
          "max" : 848015,
          "mean" : 302430.121594,
          "stddev" : 6547.222138,
          "N" : 380527410
        },
        "bw_min" : 4999512,
        "bw_max" : 5090512,
        "bw_agg" : 100.000000,
        "bw_mean" : 5079582.459098,
        "bw_dev" : 865.888248,
        "bw_samples" : 7188,
        "iops_min" : 1249878,
        "iops_max" : 1272628,
        "iops_mean" : 1269893.230384,
        "iops_stddev" : 216.455074,
        "iops_samples" : 7188
      },
      "write" : {
        "io_bytes" : 0,
        "io_kbytes" : 0,
        "bw_bytes" : 0,
        "bw" : 0,
        "iops" : 0.000000,
        "runtime" : 0,
        "total_ios" : 0,
        "short_ios" : 0,
        "drop_ios" : 0,
        "slat_ns" : {
          "min" : 0,
          "max" : 0,
          "mean" : 0.000000,
          "stddev" : 0.000000,
          "N" : 0
        },
        "clat_ns" : {
          "min" : 0,
          "max" : 0,
          "mean" : 0.000000,
          "stddev" : 0.000000,
          "N" : 0
        },
        "lat_ns" : {
          "min" : 0,
          "max" : 0,
          "mean" : 0.000000,
          "stddev" : 0.000000,
          "N" : 0
        },
        "bw_min" : 0,
        "bw_max" : 0,
        "bw_agg" : 0.000000,
        "bw_mean" : 0.000000,
        "bw_dev" : 0.000000,
        "bw_samples" : 0,
        "iops_min" : 0,
        "iops_max" : 0,
        "iops_mean" : 0.000000,
        "iops_stddev" : 0.000000,
        "iops_samples" : 0
      },
      "trim" : {
        "io_bytes" : 0,
        "io_kbytes" : 0,
        "bw_bytes" : 0,
        "bw" : 0,
        "iops" : 0.000000,
        "runtime" : 0,
        "total_ios" : 0,
        "short_ios" : 0,
        "drop_ios" : 0,
        "slat_ns" : {
          "min" : 0,
          "max" : 0,
          "mean" : 0.000000,
          "stddev" : 0.000000,
          "N" : 0
        },
        "clat_ns" : {
          "min" : 0,
          "max" : 0,
          "mean" : 0.000000,
          "stddev" : 0.000000,
          "N" : 0
        },
        "lat_ns" : {
          "min" : 0,
          "max" : 0,
          "mean" : 0.000000,
          "stddev" : 0.000000,
          "N" : 0
        },
        "bw_min" : 0,
        "bw_max" : 0,
        "bw_agg" : 0.000000,
        "bw_mean" : 0.000000,
        "bw_dev" : 0.000000,
        "bw_samples" : 0,
        "iops_min" : 0,
        "iops_max" : 0,
        "iops_mean" : 0.000000,
        "iops_stddev" : 0.000000,
        "iops_samples" : 0
      },
      "sync" : {
        "total_ios" : 0,
        "lat_ns" : {
          "min" : 0,
          "max" : 0,
          "mean" : 0.000000,
          "stddev" : 0.000000,
          "N" : 0
        }
      },
      "job_runtime" : 3600000,
      "usr_cpu" : 7.074972,
      "sys_cpu" : 20.954444,
      "ctx" : 105671512,
      "majf" : 0,
      "minf" : 521,
      "iodepth_level" : {
        "1" : 0.100000,
        "2" : 0.100000,
        "4" : 0.100000,
        "8" : 0.100000,
        "16" : 0.100000,
        "32" : 99.999902,
        ">=64" : 0.000000
      },
      "iodepth_submit" : {
        "0" : 0.000000,
        "4" : 100.000000,
        "8" : 0.000000,
        "16" : 0.000000,
        "32" : 0.000000,
        "64" : 0.000000,
        ">=64" : 0.000000
      },
      "iodepth_complete" : {
        "0" : 0.000000,
        "4" : 99.999997,
        "8" : 0.000000,
        "16" : 0.000000,
        "32" : 0.100000,
        "64" : 0.000000,
        ">=64" : 0.000000
      },
      "latency_ns" : {
        "2" : 0.000000,
        "4" : 0.000000,
        "10" : 0.000000,
        "20" : 0.000000,
        "50" : 0.000000,
        "100" : 0.000000,
        "250" : 0.000000,
        "500" : 0.000000,
        "750" : 0.000000,
        "1000" : 0.000000
      },
      "latency_us" : {
        "2" : 0.000000,
        "4" : 0.000000,
        "10" : 0.010000,
        "20" : 0.010000,
        "50" : 0.010000,
        "100" : 0.010000,
        "250" : 0.010000,
        "500" : 99.999359,
        "750" : 0.010000,
        "1000" : 0.010000
      },
      "latency_ms" : {
        "2" : 0.000000,
        "4" : 0.000000,
        "10" : 0.000000,
        "20" : 0.000000,
        "50" : 0.000000,
        "100" : 0.000000,
        "250" : 0.000000,
        "500" : 0.000000,
        "750" : 0.000000,
        "1000" : 0.000000,
        "2000" : 0.000000,
        ">=2000" : 0.000000
      },
      "latency_depth" : 32,
      "latency_target" : 0,
      "latency_percentile" : 100.000000,
      "latency_window" : 0
    }
  ],
  "disk_util" : [
    {
      "name" : "nvme0n1",
      "read_ios" : 380374931,
      "write_ios" : 233,
      "read_sectors" : 3042999448,
      "write_sectors" : 2584,
      "read_merges" : 0,
      "write_merges" : 33,
      "read_ticks" : 113014964,
      "write_ticks" : 9,
      "in_queue" : 113014974,
      "util" : 100.000000
    }
  ]
}
