{
  "fio version" : "fio-3.36",
  "timestamp" : 1774396093,
  "timestamp_ms" : 1774396093262,
  "time" : "Tue Mar 24 17:48:13 2026",
  "global options" : {
    "numjobs" : "12",
    "ioengine" : "libaio",
    "direct" : "1",
    "runtime" : "300",
    "time_based" : "1",
    "group_reporting" : "1",
    "size" : "100%",
    "filename" : "/dev/nvme0n1"
  },
  "jobs" : [
    {
      "jobname" : "randread-4k",
      "groupid" : 0,
      "job_start" : 1774395793219,
      "error" : 0,
      "eta" : 0,
      "elapsed" : 301,
      "job options" : {
        "rw" : "randread",
        "bs" : "4k",
        "iodepth" : "32"
      },
      "read" : {
        "io_bytes" : 1558697517056,
        "io_kbytes" : 1522165544,
        "bw_bytes" : 5195641071,
        "bw" : 5073868,
        "iops" : 1268467.058443,
        "runtime" : 300001,
        "total_ios" : 380541386,
        "short_ios" : 0,
        "drop_ios" : 0,
        "slat_ns" : {
          "min" : 1017,
          "max" : 379120,
          "mean" : 1441.928400,
          "stddev" : 714.005517,
          "N" : 380541386
        },
        "clat_ns" : {
          "min" : 7513,
          "max" : 794870,
          "mean" : 300974.430733,
          "stddev" : 6599.489659,
          "N" : 380541386,
          "percentile" : {
            "1.000000" : 292864,
            "5.000000" : 296960,
            "10.000000" : 296960,
            "20.000000" : 296960,
            "30.000000" : 301056,
            "40.000000" : 301056,
            "50.000000" : 301056,
            "60.000000" : 301056,
            "70.000000" : 301056,
            "80.000000" : 301056,
            "90.000000" : 305152,
            "95.000000" : 305152,
            "99.000000" : 325632,
            "99.500000" : 354304,
            "99.900000" : 366592,
            "99.950000" : 370688,
            "99.990000" : 407552
          }
        },
        "lat_ns" : {
          "min" : 8737,
          "max" : 796070,
          "mean" : 302416.359133,
          "stddev" : 6633.405879,
          "N" : 380541386
        },
        "bw_min" : 4995496,
        "bw_max" : 5091672,
        "bw_agg" : 100.000000,
        "bw_mean" : 5078106.146912,
        "bw_dev" : 737.246947,
        "bw_samples" : 7188,
        "iops_min" : 1248874,
        "iops_max" : 1272918,
        "iops_mean" : 1269525.352254,
        "iops_stddev" : 184.304838,
        "iops_samples" : 7188
      },
      "write" : {
        "io_bytes" : 0,
        "io_kbytes" : 0,
        "bw_bytes" : 0,
        "bw" : 0,
        "iops" : 0.000000,
        "runtime" : 0,
        "total_ios" : 0,
        "short_ios" : 0,
        "drop_ios" : 0,
        "slat_ns" : {
          "min" : 0,
          "max" : 0,
          "mean" : 0.000000,
          "stddev" : 0.000000,
          "N" : 0
        },
        "clat_ns" : {
          "min" : 0,
          "max" : 0,
          "mean" : 0.000000,
          "stddev" : 0.000000,
          "N" : 0
        },
        "lat_ns" : {
          "min" : 0,
          "max" : 0,
          "mean" : 0.000000,
          "stddev" : 0.000000,
          "N" : 0
        },
        "bw_min" : 0,
        "bw_max" : 0,
        "bw_agg" : 0.000000,
        "bw_mean" : 0.000000,
        "bw_dev" : 0.000000,
        "bw_samples" : 0,
        "iops_min" : 0,
        "iops_max" : 0,
        "iops_mean" : 0.000000,
        "iops_stddev" : 0.000000,
        "iops_samples" : 0
      },
      "trim" : {
        "io_bytes" : 0,
        "io_kbytes" : 0,
        "bw_bytes" : 0,
        "bw" : 0,
        "iops" : 0.000000,
        "runtime" : 0,
        "total_ios" : 0,
        "short_ios" : 0,
        "drop_ios" : 0,
        "slat_ns" : {
          "min" : 0,
          "max" : 0,
          "mean" : 0.000000,
          "stddev" : 0.000000,
          "N" : 0
        },
        "clat_ns" : {
          "min" : 0,
          "max" : 0,
          "mean" : 0.000000,
          "stddev" : 0.000000,
          "N" : 0
        },
        "lat_ns" : {
          "min" : 0,
          "max" : 0,
          "mean" : 0.000000,
          "stddev" : 0.000000,
          "N" : 0
        },
        "bw_min" : 0,
        "bw_max" : 0,
        "bw_agg" : 0.000000,
        "bw_mean" : 0.000000,
        "bw_dev" : 0.000000,
        "bw_samples" : 0,
        "iops_min" : 0,
        "iops_max" : 0,
        "iops_mean" : 0.000000,
        "iops_stddev" : 0.000000,
        "iops_samples" : 0
      },
      "sync" : {
        "total_ios" : 0,
        "lat_ns" : {
          "min" : 0,
          "max" : 0,
          "mean" : 0.000000,
          "stddev" : 0.000000,
          "N" : 0
        }
      },
      "job_runtime" : 3600000,
      "usr_cpu" : 7.161472,
      "sys_cpu" : 21.100250,
      "ctx" : 104926165,
      "majf" : 0,
      "minf" : 535,
      "iodepth_level" : {
        "1" : 0.100000,
        "2" : 0.100000,
        "4" : 0.100000,
        "8" : 0.100000,
        "16" : 0.100000,
        "32" : 99.999902,
        ">=64" : 0.000000
      },
      "iodepth_submit" : {
        "0" : 0.000000,
        "4" : 100.000000,
        "8" : 0.000000,
        "16" : 0.000000,
        "32" : 0.000000,
        "64" : 0.000000,
        ">=64" : 0.000000
      },
      "iodepth_complete" : {
        "0" : 0.000000,
        "4" : 99.999997,
        "8" : 0.000000,
        "16" : 0.000000,
        "32" : 0.100000,
        "64" : 0.000000,
        ">=64" : 0.000000
      },
      "latency_ns" : {
        "2" : 0.000000,
        "4" : 0.000000,
        "10" : 0.000000,
        "20" : 0.000000,
        "50" : 0.000000,
        "100" : 0.000000,
        "250" : 0.000000,
        "500" : 0.000000,
        "750" : 0.000000,
        "1000" : 0.000000
      },
      "latency_us" : {
        "2" : 0.000000,
        "4" : 0.000000,
        "10" : 0.010000,
        "20" : 0.010000,
        "50" : 0.010000,
        "100" : 0.010000,
        "250" : 0.010000,
        "500" : 99.997691,
        "750" : 0.010000,
        "1000" : 0.010000
      },
      "latency_ms" : {
        "2" : 0.000000,
        "4" : 0.000000,
        "10" : 0.000000,
        "20" : 0.000000,
        "50" : 0.000000,
        "100" : 0.000000,
        "250" : 0.000000,
        "500" : 0.000000,
        "750" : 0.000000,
        "1000" : 0.000000,
        "2000" : 0.000000,
        ">=2000" : 0.000000
      },
      "latency_depth" : 32,
      "latency_target" : 0,
      "latency_percentile" : 100.000000,
      "latency_window" : 0
    }
  ],
  "disk_util" : [
    {
      "name" : "nvme0n1",
      "read_ios" : 380390119,
      "write_ios" : 202,
      "read_sectors" : 3043120952,
      "write_sectors" : 2144,
      "read_merges" : 0,
      "write_merges" : 33,
      "read_ticks" : 112998153,
      "write_ticks" : 9,
      "in_queue" : 112998162,
      "util" : 100.000000
    }
  ]
}
