{
  "fio version" : "fio-3.36",
  "timestamp" : 1774396393,
  "timestamp_ms" : 1774396393617,
  "time" : "Tue Mar 24 17:53:13 2026",
  "global options" : {
    "numjobs" : "12",
    "ioengine" : "libaio",
    "direct" : "1",
    "runtime" : "300",
    "time_based" : "1",
    "group_reporting" : "1",
    "size" : "100%",
    "filename" : "/dev/nvme0n1"
  },
  "jobs" : [
    {
      "jobname" : "randread-4k",
      "groupid" : 0,
      "job_start" : 1774396093574,
      "error" : 0,
      "eta" : 0,
      "elapsed" : 301,
      "job options" : {
        "rw" : "randread",
        "bs" : "4k",
        "iodepth" : "32"
      },
      "read" : {
        "io_bytes" : 1558027874304,
        "io_kbytes" : 1521511596,
        "bw_bytes" : 5193408936,
        "bw" : 5071688,
        "iops" : 1267922.103593,
        "runtime" : 300001,
        "total_ios" : 380377899,
        "short_ios" : 0,
        "drop_ios" : 0,
        "slat_ns" : {
          "min" : 1009,
          "max" : 287073,
          "mean" : 1432.276255,
          "stddev" : 700.792971,
          "N" : 380377899
        },
        "clat_ns" : {
          "min" : 15456,
          "max" : 870428,
          "mean" : 301119.364243,
          "stddev" : 6564.948864,
          "N" : 380377899,
          "percentile" : {
            "1.000000" : 292864,
            "5.000000" : 296960,
            "10.000000" : 296960,
            "20.000000" : 296960,
            "30.000000" : 301056,
            "40.000000" : 301056,
            "50.000000" : 301056,
            "60.000000" : 301056,
            "70.000000" : 301056,
            "80.000000" : 301056,
            "90.000000" : 305152,
            "95.000000" : 305152,
            "99.000000" : 325632,
            "99.500000" : 354304,
            "99.900000" : 366592,
            "99.950000" : 370688,
            "99.990000" : 407552
          }
        },
        "lat_ns" : {
          "min" : 17269,
          "max" : 874762,
          "mean" : 302551.640497,
          "stddev" : 6600.024225,
          "N" : 380377899
        },
        "bw_min" : 4992440,
        "bw_max" : 5087933,
        "bw_agg" : 100.000000,
        "bw_mean" : 5075912.148581,
        "bw_dev" : 981.699021,
        "bw_samples" : 7188,
        "iops_min" : 1248110,
        "iops_max" : 1271981,
        "iops_mean" : 1268977.010017,
        "iops_stddev" : 245.408284,
        "iops_samples" : 7188
      },
      "write" : {
        "io_bytes" : 0,
        "io_kbytes" : 0,
        "bw_bytes" : 0,
        "bw" : 0,
        "iops" : 0.000000,
        "runtime" : 0,
        "total_ios" : 0,
        "short_ios" : 0,
        "drop_ios" : 0,
        "slat_ns" : {
          "min" : 0,
          "max" : 0,
          "mean" : 0.000000,
          "stddev" : 0.000000,
          "N" : 0
        },
        "clat_ns" : {
          "min" : 0,
          "max" : 0,
          "mean" : 0.000000,
          "stddev" : 0.000000,
          "N" : 0
        },
        "lat_ns" : {
          "min" : 0,
          "max" : 0,
          "mean" : 0.000000,
          "stddev" : 0.000000,
          "N" : 0
        },
        "bw_min" : 0,
        "bw_max" : 0,
        "bw_agg" : 0.000000,
        "bw_mean" : 0.000000,
        "bw_dev" : 0.000000,
        "bw_samples" : 0,
        "iops_min" : 0,
        "iops_max" : 0,
        "iops_mean" : 0.000000,
        "iops_stddev" : 0.000000,
        "iops_samples" : 0
      },
      "trim" : {
        "io_bytes" : 0,
        "io_kbytes" : 0,
        "bw_bytes" : 0,
        "bw" : 0,
        "iops" : 0.000000,
        "runtime" : 0,
        "total_ios" : 0,
        "short_ios" : 0,
        "drop_ios" : 0,
        "slat_ns" : {
          "min" : 0,
          "max" : 0,
          "mean" : 0.000000,
          "stddev" : 0.000000,
          "N" : 0
        },
        "clat_ns" : {
          "min" : 0,
          "max" : 0,
          "mean" : 0.000000,
          "stddev" : 0.000000,
          "N" : 0
        },
        "lat_ns" : {
          "min" : 0,
          "max" : 0,
          "mean" : 0.000000,
          "stddev" : 0.000000,
          "N" : 0
        },
        "bw_min" : 0,
        "bw_max" : 0,
        "bw_agg" : 0.000000,
        "bw_mean" : 0.000000,
        "bw_dev" : 0.000000,
        "bw_samples" : 0,
        "iops_min" : 0,
        "iops_max" : 0,
        "iops_mean" : 0.000000,
        "iops_stddev" : 0.000000,
        "iops_samples" : 0
      },
      "sync" : {
        "total_ios" : 0,
        "lat_ns" : {
          "min" : 0,
          "max" : 0,
          "mean" : 0.000000,
          "stddev" : 0.000000,
          "N" : 0
        }
      },
      "job_runtime" : 3600000,
      "usr_cpu" : 7.090194,
      "sys_cpu" : 20.985806,
      "ctx" : 105473596,
      "majf" : 0,
      "minf" : 510,
      "iodepth_level" : {
        "1" : 0.100000,
        "2" : 0.100000,
        "4" : 0.100000,
        "8" : 0.100000,
        "16" : 0.100000,
        "32" : 99.999902,
        ">=64" : 0.000000
      },
      "iodepth_submit" : {
        "0" : 0.000000,
        "4" : 100.000000,
        "8" : 0.000000,
        "16" : 0.000000,
        "32" : 0.000000,
        "64" : 0.000000,
        ">=64" : 0.000000
      },
      "iodepth_complete" : {
        "0" : 0.000000,
        "4" : 99.999997,
        "8" : 0.000000,
        "16" : 0.000000,
        "32" : 0.100000,
        "64" : 0.000000,
        ">=64" : 0.000000
      },
      "latency_ns" : {
        "2" : 0.000000,
        "4" : 0.000000,
        "10" : 0.000000,
        "20" : 0.000000,
        "50" : 0.000000,
        "100" : 0.000000,
        "250" : 0.000000,
        "500" : 0.000000,
        "750" : 0.000000,
        "1000" : 0.000000
      },
      "latency_us" : {
        "2" : 0.000000,
        "4" : 0.000000,
        "10" : 0.000000,
        "20" : 0.010000,
        "50" : 0.010000,
        "100" : 0.010000,
        "250" : 0.010000,
        "500" : 99.999151,
        "750" : 0.010000,
        "1000" : 0.010000
      },
      "latency_ms" : {
        "2" : 0.000000,
        "4" : 0.000000,
        "10" : 0.000000,
        "20" : 0.000000,
        "50" : 0.000000,
        "100" : 0.000000,
        "250" : 0.000000,
        "500" : 0.000000,
        "750" : 0.000000,
        "1000" : 0.000000,
        "2000" : 0.000000,
        ">=2000" : 0.000000
      },
      "latency_depth" : 32,
      "latency_target" : 0,
      "latency_percentile" : 100.000000,
      "latency_window" : 0
    }
  ],
  "disk_util" : [
    {
      "name" : "nvme0n1",
      "read_ios" : 380227704,
      "write_ios" : 176,
      "read_sectors" : 3041821640,
      "write_sectors" : 1952,
      "read_merges" : 0,
      "write_merges" : 32,
      "read_ticks" : 113012775,
      "write_ticks" : 6,
      "in_queue" : 113012781,
      "util" : 100.000000
    }
  ]
}
