{
  "fio version" : "fio-3.36",
  "timestamp" : 1774396693,
  "timestamp_ms" : 1774396693977,
  "time" : "Tue Mar 24 17:58:13 2026",
  "global options" : {
    "numjobs" : "12",
    "ioengine" : "libaio",
    "direct" : "1",
    "runtime" : "300",
    "time_based" : "1",
    "group_reporting" : "1",
    "size" : "100%",
    "filename" : "/dev/nvme0n1"
  },
  "jobs" : [
    {
      "jobname" : "randread-4k",
      "groupid" : 0,
      "job_start" : 1774396393934,
      "error" : 0,
      "eta" : 0,
      "elapsed" : 301,
      "job options" : {
        "rw" : "randread",
        "bs" : "4k",
        "iodepth" : "32"
      },
      "read" : {
        "io_bytes" : 1558903246848,
        "io_kbytes" : 1522366452,
        "bw_bytes" : 5196326835,
        "bw" : 5074537,
        "iops" : 1268634.481218,
        "runtime" : 300001,
        "total_ios" : 380591613,
        "short_ios" : 0,
        "drop_ios" : 0,
        "slat_ns" : {
          "min" : 1014,
          "max" : 171740,
          "mean" : 1441.675158,
          "stddev" : 710.074165,
          "N" : 380591613
        },
        "clat_ns" : {
          "min" : 65328,
          "max" : 810157,
          "mean" : 300936.610261,
          "stddev" : 6538.462580,
          "N" : 380591613,
          "percentile" : {
            "1.000000" : 292864,
            "5.000000" : 296960,
            "10.000000" : 296960,
            "20.000000" : 296960,
            "30.000000" : 301056,
            "40.000000" : 301056,
            "50.000000" : 301056,
            "60.000000" : 301056,
            "70.000000" : 301056,
            "80.000000" : 301056,
            "90.000000" : 305152,
            "95.000000" : 305152,
            "99.000000" : 325632,
            "99.500000" : 354304,
            "99.900000" : 366592,
            "99.950000" : 370688,
            "99.990000" : 407552
          }
        },
        "lat_ns" : {
          "min" : 66550,
          "max" : 812196,
          "mean" : 302378.285419,
          "stddev" : 6572.842612,
          "N" : 380591613
        },
        "bw_min" : 4994264,
        "bw_max" : 5089608,
        "bw_agg" : 100.000000,
        "bw_mean" : 5077993.520868,
        "bw_dev" : 716.480291,
        "bw_samples" : 7188,
        "iops_min" : 1248566,
        "iops_max" : 1272402,
        "iops_mean" : 1269497.589316,
        "iops_stddev" : 179.102898,
        "iops_samples" : 7188
      },
      "write" : {
        "io_bytes" : 0,
        "io_kbytes" : 0,
        "bw_bytes" : 0,
        "bw" : 0,
        "iops" : 0.000000,
        "runtime" : 0,
        "total_ios" : 0,
        "short_ios" : 0,
        "drop_ios" : 0,
        "slat_ns" : {
          "min" : 0,
          "max" : 0,
          "mean" : 0.000000,
          "stddev" : 0.000000,
          "N" : 0
        },
        "clat_ns" : {
          "min" : 0,
          "max" : 0,
          "mean" : 0.000000,
          "stddev" : 0.000000,
          "N" : 0
        },
        "lat_ns" : {
          "min" : 0,
          "max" : 0,
          "mean" : 0.000000,
          "stddev" : 0.000000,
          "N" : 0
        },
        "bw_min" : 0,
        "bw_max" : 0,
        "bw_agg" : 0.000000,
        "bw_mean" : 0.000000,
        "bw_dev" : 0.000000,
        "bw_samples" : 0,
        "iops_min" : 0,
        "iops_max" : 0,
        "iops_mean" : 0.000000,
        "iops_stddev" : 0.000000,
        "iops_samples" : 0
      },
      "trim" : {
        "io_bytes" : 0,
        "io_kbytes" : 0,
        "bw_bytes" : 0,
        "bw" : 0,
        "iops" : 0.000000,
        "runtime" : 0,
        "total_ios" : 0,
        "short_ios" : 0,
        "drop_ios" : 0,
        "slat_ns" : {
          "min" : 0,
          "max" : 0,
          "mean" : 0.000000,
          "stddev" : 0.000000,
          "N" : 0
        },
        "clat_ns" : {
          "min" : 0,
          "max" : 0,
          "mean" : 0.000000,
          "stddev" : 0.000000,
          "N" : 0
        },
        "lat_ns" : {
          "min" : 0,
          "max" : 0,
          "mean" : 0.000000,
          "stddev" : 0.000000,
          "N" : 0
        },
        "bw_min" : 0,
        "bw_max" : 0,
        "bw_agg" : 0.000000,
        "bw_mean" : 0.000000,
        "bw_dev" : 0.000000,
        "bw_samples" : 0,
        "iops_min" : 0,
        "iops_max" : 0,
        "iops_mean" : 0.000000,
        "iops_stddev" : 0.000000,
        "iops_samples" : 0
      },
      "sync" : {
        "total_ios" : 0,
        "lat_ns" : {
          "min" : 0,
          "max" : 0,
          "mean" : 0.000000,
          "stddev" : 0.000000,
          "N" : 0
        }
      },
      "job_runtime" : 3600000,
      "usr_cpu" : 7.111722,
      "sys_cpu" : 21.148833,
      "ctx" : 105126515,
      "majf" : 0,
      "minf" : 515,
      "iodepth_level" : {
        "1" : 0.100000,
        "2" : 0.100000,
        "4" : 0.100000,
        "8" : 0.100000,
        "16" : 0.100000,
        "32" : 99.999902,
        ">=64" : 0.000000
      },
      "iodepth_submit" : {
        "0" : 0.000000,
        "4" : 100.000000,
        "8" : 0.000000,
        "16" : 0.000000,
        "32" : 0.000000,
        "64" : 0.000000,
        ">=64" : 0.000000
      },
      "iodepth_complete" : {
        "0" : 0.000000,
        "4" : 99.999997,
        "8" : 0.000000,
        "16" : 0.000000,
        "32" : 0.100000,
        "64" : 0.000000,
        ">=64" : 0.000000
      },
      "latency_ns" : {
        "2" : 0.000000,
        "4" : 0.000000,
        "10" : 0.000000,
        "20" : 0.000000,
        "50" : 0.000000,
        "100" : 0.000000,
        "250" : 0.000000,
        "500" : 0.000000,
        "750" : 0.000000,
        "1000" : 0.000000
      },
      "latency_us" : {
        "2" : 0.000000,
        "4" : 0.000000,
        "10" : 0.000000,
        "20" : 0.000000,
        "50" : 0.000000,
        "100" : 0.010000,
        "250" : 0.010000,
        "500" : 99.999170,
        "750" : 0.010000,
        "1000" : 0.010000
      },
      "latency_ms" : {
        "2" : 0.000000,
        "4" : 0.000000,
        "10" : 0.000000,
        "20" : 0.000000,
        "50" : 0.000000,
        "100" : 0.000000,
        "250" : 0.000000,
        "500" : 0.000000,
        "750" : 0.000000,
        "1000" : 0.000000,
        "2000" : 0.000000,
        ">=2000" : 0.000000
      },
      "latency_depth" : 32,
      "latency_target" : 0,
      "latency_percentile" : 100.000000,
      "latency_window" : 0
    }
  ],
  "disk_util" : [
    {
      "name" : "nvme0n1",
      "read_ios" : 380440187,
      "write_ios" : 525,
      "read_sectors" : 3043521496,
      "write_sectors" : 6096,
      "read_merges" : 0,
      "write_merges" : 147,
      "read_ticks" : 113001951,
      "write_ticks" : 21,
      "in_queue" : 113001972,
      "util" : 100.000000
    }
  ]
}
