{"run_id": "f93b13cd0bb3411d92eb151517b93b76", "task_label": "2026030815", "results": [{"metrics": {"max_load_count": 0, "insert_duration": 0.0, "optimize_duration": 0.0, "load_duration": 0.0, "qps": 318.3951, "serial_latency_p99": 0.029, "serial_latency_p95": 0.0279, "recall": 0.993, "ndcg": 0.9935, "conc_num_list": [1, 2, 4, 8, 16, 32, 64, 128], "conc_qps_list": [41.0055, 84.3157, 168.1182, 303.8779, 317.1508, 318.3951, 315.9021, 301.7924], "conc_latency_p99_list": [0.03024939766619355, 0.029900099996011703, 0.14330317481246307, 0.0372424887935631, 0.07103144354419783, 0.14089239980326956, 0.25940963025379454, 1.3869108590966783], "conc_latency_p95_list": [0.028351833519991487, 0.02803129041567445, 0.07676562717533668, 0.03298010536236688, 0.06384759781649335, 0.13213040840928442, 0.23673184379294976, 0.4712825977767352], "conc_latency_avg_list": [0.024365058324572492, 0.023696458185745343, 0.023772947314888937, 0.026302108538088273, 0.05039791720555414, 0.10036975025869942, 0.20215292133427606, 0.4202851550172885], "st_ideal_insert_duration": 0, "st_search_stage_list": [], "st_search_time_list": [], "st_max_qps_list_list": [], "st_recall_list": [], "st_ndcg_list": [], "st_serial_latency_p99_list": [], "st_serial_latency_p95_list": [], "st_conc_failed_rate_list": [], "st_conc_num_list_list": [], "st_conc_qps_list_list": [], "st_conc_latency_p99_list_list": [], "st_conc_latency_p95_list_list": [], "st_conc_latency_avg_list_list": []}, "task_config": {"db": "Milvus", "db_config": {"db_label": "", "version": "", "note": "", "uri": "**********", "user": null, "password": null, "num_shards": 1, "replica_number": 1}, "db_case_config": {"index": "DISKANN", "metric_type": "COSINE", "use_partition_key": false, "search_list": 100}, "case_config": {"case_id": 4, "custom_case": null, "k": 100, "concurrency_search_config": {"num_concurrency": [1, 2, 4, 8, 16, 32, 64, 128], "concurrency_duration": 30, "concurrency_timeout": 3600}}, "stages": ["drop_old", "load", "search_serial", "search_concurrent"]}, "label": ":)"}], "file_fmt": "result_{}_{}_{}.json", "timestamp": 1772953200.0}