{"run_id": "f6778f7934484fb4af5bd0a2c77f3eb8", "task_label": "2026030907a", "results": [{"metrics": {"max_load_count": 0, "insert_duration": 0.0, "optimize_duration": 0.0, "load_duration": 0.0, "qps": 321.149, "serial_latency_p99": 0.0289, "serial_latency_p95": 0.0277, "recall": 0.993, "ndcg": 0.9935, "conc_num_list": [1, 2, 4, 8, 16, 32, 64, 128], "conc_qps_list": [41.4812, 84.8228, 268.0543, 304.7823, 317.6435, 315.0808, 313.5048, 321.149], "conc_latency_p99_list": [0.029093415214447305, 0.029558769514551386, 0.019970570516306907, 0.036887811066117125, 0.07049293113930617, 0.14388311102695295, 0.2793524392001557, 0.5071340249851346], "conc_latency_p95_list": [0.02781611452519428, 0.027798010502010584, 0.01725375025125686, 0.03278658502968028, 0.06422068256943021, 0.1331578553217696, 0.23813535904337188, 0.4576790209976025], "conc_latency_avg_list": [0.024098259316002933, 0.023569084870176945, 0.014916908117853567, 0.02624049306594492, 0.05035988416861031, 0.10153763804374935, 0.20408235674307498, 0.3980927431487224], "st_ideal_insert_duration": 0, "st_search_stage_list": [], "st_search_time_list": [], "st_max_qps_list_list": [], "st_recall_list": [], "st_ndcg_list": [], "st_serial_latency_p99_list": [], "st_serial_latency_p95_list": [], "st_conc_failed_rate_list": [], "st_conc_num_list_list": [], "st_conc_qps_list_list": [], "st_conc_latency_p99_list_list": [], "st_conc_latency_p95_list_list": [], "st_conc_latency_avg_list_list": []}, "task_config": {"db": "Milvus", "db_config": {"db_label": "", "version": "", "note": "", "uri": "**********", "user": null, "password": null, "num_shards": 1, "replica_number": 1}, "db_case_config": {"index": "HNSW", "metric_type": "COSINE", "use_partition_key": false, "M": 16, "efConstruction": 256, "ef": 100}, "case_config": {"case_id": 4, "custom_case": null, "k": 100, "concurrency_search_config": {"num_concurrency": [1, 2, 4, 8, 16, 32, 64, 128], "concurrency_duration": 300, "concurrency_timeout": 3600}}, "stages": ["drop_old", "load", "search_serial", "search_concurrent"]}, "label": ":)"}], "file_fmt": "result_{}_{}_{}.json", "timestamp": 1773036000.0}