{"run_id": "e4bbede2f9e045a7baac08d54039ed2e", "task_label": "2026030908_2", "results": [{"metrics": {"max_load_count": 0, "insert_duration": 0.0, "optimize_duration": 0.0, "load_duration": 0.0, "qps": 320.155, "serial_latency_p99": 0.0349, "serial_latency_p95": 0.0292, "recall": 0.993, "ndcg": 0.9935, "conc_num_list": [1, 2, 4, 8, 16, 32, 64, 128], "conc_qps_list": [41.6946, 85.2821, 267.302, 303.0265, 312.0129, 314.0408, 315.1569, 320.155], "conc_latency_p99_list": [0.02915507858560886, 0.029460110045038165, 0.020910784025909346, 0.0377043402707204, 0.08296246020006945, 0.15211741139646634, 0.27446076533233255, 0.5462702195683968], "conc_latency_p95_list": [0.027761541728978045, 0.027814430047874338, 0.017120780728873797, 0.03295617217663675, 0.06560520266939421, 0.13443796400679275, 0.2387299817346502, 0.46038683510269035], "conc_latency_avg_list": [0.02397475747137906, 0.023442490219430973, 0.014958569798378398, 0.026391336616880375, 0.051266950138815666, 0.10187275567399254, 0.2030021267876467, 0.39942062970630565], "st_ideal_insert_duration": 0, "st_search_stage_list": [], "st_search_time_list": [], "st_max_qps_list_list": [], "st_recall_list": [], "st_ndcg_list": [], "st_serial_latency_p99_list": [], "st_serial_latency_p95_list": [], "st_conc_failed_rate_list": [], "st_conc_num_list_list": [], "st_conc_qps_list_list": [], "st_conc_latency_p99_list_list": [], "st_conc_latency_p95_list_list": [], "st_conc_latency_avg_list_list": []}, "task_config": {"db": "Milvus", "db_config": {"db_label": "", "version": "", "note": "", "uri": "**********", "user": null, "password": null, "num_shards": 1, "replica_number": 1}, "db_case_config": {"index": "HNSW", "metric_type": "COSINE", "use_partition_key": false, "M": 16, "efConstruction": 256, "ef": 100}, "case_config": {"case_id": 4, "custom_case": null, "k": 100, "concurrency_search_config": {"num_concurrency": [1, 2, 4, 8, 16, 32, 64, 128], "concurrency_duration": 300, "concurrency_timeout": 3600}}, "stages": ["drop_old", "load", "search_serial", "search_concurrent"]}, "label": ":)"}], "file_fmt": "result_{}_{}_{}.json", "timestamp": 1773036000.0}