{"run_id": "883c3f159e49419aa0b770f87f9f8a72", "task_label": "2026030909_3", "results": [{"metrics": {"max_load_count": 0, "insert_duration": 0.0, "optimize_duration": 0.0, "load_duration": 0.0, "qps": 320.1996, "serial_latency_p99": 0.0292, "serial_latency_p95": 0.0277, "recall": 0.993, "ndcg": 0.9935, "conc_num_list": [1, 2, 4, 8, 16, 32, 64, 128], "conc_qps_list": [41.7196, 85.1041, 268.5507, 303.8677, 315.6631, 313.725, 315.8251, 320.1996], "conc_latency_p99_list": [0.02903441746486351, 0.02942810853710398, 0.022193124488694593, 0.038278419831767635, 0.07292331390199254, 0.15450803578132769, 0.26574626034824184, 0.5179044488118963], "conc_latency_p95_list": [0.02772217319579795, 0.027802338317269457, 0.01720029728312511, 0.03289030579617247, 0.06491825624834746, 0.13490273052593693, 0.24081838401034475, 0.45941714895889163], "conc_latency_avg_list": [0.023960793117149465, 0.023491616070260783, 0.01488960893435271, 0.026319263824797358, 0.05067587578344352, 0.10197537291750493, 0.20257184124170316, 0.3993042535633406], "st_ideal_insert_duration": 0, "st_search_stage_list": [], "st_search_time_list": [], "st_max_qps_list_list": [], "st_recall_list": [], "st_ndcg_list": [], "st_serial_latency_p99_list": [], "st_serial_latency_p95_list": [], "st_conc_failed_rate_list": [], "st_conc_num_list_list": [], "st_conc_qps_list_list": [], "st_conc_latency_p99_list_list": [], "st_conc_latency_p95_list_list": [], "st_conc_latency_avg_list_list": []}, "task_config": {"db": "Milvus", "db_config": {"db_label": "", "version": "", "note": "", "uri": "**********", "user": null, "password": null, "num_shards": 1, "replica_number": 1}, "db_case_config": {"index": "HNSW", "metric_type": "COSINE", "use_partition_key": false, "M": 16, "efConstruction": 256, "ef": 100}, "case_config": {"case_id": 4, "custom_case": null, "k": 100, "concurrency_search_config": {"num_concurrency": [1, 2, 4, 8, 16, 32, 64, 128], "concurrency_duration": 300, "concurrency_timeout": 3600}}, "stages": ["drop_old", "load", "search_serial", "search_concurrent"]}, "label": ":)"}], "file_fmt": "result_{}_{}_{}.json", "timestamp": 1773036000.0}