{
  "fio version" : "fio-3.36",
  "timestamp" : 1774397895,
  "timestamp_ms" : 1774397895408,
  "time" : "Tue Mar 24 18:18:15 2026",
  "global options" : {
    "numjobs" : "16",
    "ioengine" : "libaio",
    "direct" : "1",
    "runtime" : "300",
    "time_based" : "1",
    "group_reporting" : "1",
    "size" : "100%",
    "filename" : "/dev/nvme0n1"
  },
  "jobs" : [
    {
      "jobname" : "randread-4k",
      "groupid" : 0,
      "job_start" : 1774397595369,
      "error" : 0,
      "eta" : 0,
      "elapsed" : 301,
      "job options" : {
        "rw" : "randread",
        "bs" : "4k",
        "iodepth" : "32"
      },
      "read" : {
        "io_bytes" : 1559283261440,
        "io_kbytes" : 1522737560,
        "bw_bytes" : 5197593546,
        "bw" : 5075774,
        "iops" : 1268943.736854,
        "runtime" : 300001,
        "total_ios" : 380684390,
        "short_ios" : 0,
        "drop_ios" : 0,
        "slat_ns" : {
          "min" : 1034,
          "max" : 150354,
          "mean" : 2292.089025,
          "stddev" : 1735.932769,
          "N" : 380684390
        },
        "clat_ns" : {
          "min" : 7952,
          "max" : 1094590,
          "mean" : 400795.838253,
          "stddev" : 8129.784030,
          "N" : 380684390,
          "percentile" : {
            "1.000000" : 382976,
            "5.000000" : 391168,
            "10.000000" : 395264,
            "20.000000" : 399360,
            "30.000000" : 399360,
            "40.000000" : 399360,
            "50.000000" : 399360,
            "60.000000" : 403456,
            "70.000000" : 403456,
            "80.000000" : 403456,
            "90.000000" : 403456,
            "95.000000" : 407552,
            "99.000000" : 436224,
            "99.500000" : 460800,
            "99.900000" : 473088,
            "99.950000" : 473088,
            "99.990000" : 518144
          }
        },
        "lat_ns" : {
          "min" : 9239,
          "max" : 1095864,
          "mean" : 403087.927278,
          "stddev" : 8075.550844,
          "N" : 380684390
        },
        "bw_min" : 5002479,
        "bw_max" : 5090868,
        "bw_agg" : 100.000000,
        "bw_mean" : 5081894.818030,
        "bw_dev" : 502.816385,
        "bw_samples" : 9584,
        "iops_min" : 1250620,
        "iops_max" : 1272719,
        "iops_mean" : 1270471.834725,
        "iops_stddev" : 125.683149,
        "iops_samples" : 9584
      },
      "write" : {
        "io_bytes" : 0,
        "io_kbytes" : 0,
        "bw_bytes" : 0,
        "bw" : 0,
        "iops" : 0.000000,
        "runtime" : 0,
        "total_ios" : 0,
        "short_ios" : 0,
        "drop_ios" : 0,
        "slat_ns" : {
          "min" : 0,
          "max" : 0,
          "mean" : 0.000000,
          "stddev" : 0.000000,
          "N" : 0
        },
        "clat_ns" : {
          "min" : 0,
          "max" : 0,
          "mean" : 0.000000,
          "stddev" : 0.000000,
          "N" : 0
        },
        "lat_ns" : {
          "min" : 0,
          "max" : 0,
          "mean" : 0.000000,
          "stddev" : 0.000000,
          "N" : 0
        },
        "bw_min" : 0,
        "bw_max" : 0,
        "bw_agg" : 0.000000,
        "bw_mean" : 0.000000,
        "bw_dev" : 0.000000,
        "bw_samples" : 0,
        "iops_min" : 0,
        "iops_max" : 0,
        "iops_mean" : 0.000000,
        "iops_stddev" : 0.000000,
        "iops_samples" : 0
      },
      "trim" : {
        "io_bytes" : 0,
        "io_kbytes" : 0,
        "bw_bytes" : 0,
        "bw" : 0,
        "iops" : 0.000000,
        "runtime" : 0,
        "total_ios" : 0,
        "short_ios" : 0,
        "drop_ios" : 0,
        "slat_ns" : {
          "min" : 0,
          "max" : 0,
          "mean" : 0.000000,
          "stddev" : 0.000000,
          "N" : 0
        },
        "clat_ns" : {
          "min" : 0,
          "max" : 0,
          "mean" : 0.000000,
          "stddev" : 0.000000,
          "N" : 0
        },
        "lat_ns" : {
          "min" : 0,
          "max" : 0,
          "mean" : 0.000000,
          "stddev" : 0.000000,
          "N" : 0
        },
        "bw_min" : 0,
        "bw_max" : 0,
        "bw_agg" : 0.000000,
        "bw_mean" : 0.000000,
        "bw_dev" : 0.000000,
        "bw_samples" : 0,
        "iops_min" : 0,
        "iops_max" : 0,
        "iops_mean" : 0.000000,
        "iops_stddev" : 0.000000,
        "iops_samples" : 0
      },
      "sync" : {
        "total_ios" : 0,
        "lat_ns" : {
          "min" : 0,
          "max" : 0,
          "mean" : 0.000000,
          "stddev" : 0.000000,
          "N" : 0
        }
      },
      "job_runtime" : 4800000,
      "usr_cpu" : 8.149500,
      "sys_cpu" : 29.880437,
      "ctx" : 370527240,
      "majf" : 0,
      "minf" : 719,
      "iodepth_level" : {
        "1" : 0.100000,
        "2" : 0.100000,
        "4" : 0.100000,
        "8" : 0.100000,
        "16" : 0.100000,
        "32" : 99.999870,
        ">=64" : 0.000000
      },
      "iodepth_submit" : {
        "0" : 0.000000,
        "4" : 100.000000,
        "8" : 0.000000,
        "16" : 0.000000,
        "32" : 0.000000,
        "64" : 0.000000,
        ">=64" : 0.000000
      },
      "iodepth_complete" : {
        "0" : 0.000000,
        "4" : 99.999996,
        "8" : 0.000000,
        "16" : 0.000000,
        "32" : 0.100000,
        "64" : 0.000000,
        ">=64" : 0.000000
      },
      "latency_ns" : {
        "2" : 0.000000,
        "4" : 0.000000,
        "10" : 0.000000,
        "20" : 0.000000,
        "50" : 0.000000,
        "100" : 0.000000,
        "250" : 0.000000,
        "500" : 0.000000,
        "750" : 0.000000,
        "1000" : 0.000000
      },
      "latency_us" : {
        "2" : 0.000000,
        "4" : 0.000000,
        "10" : 0.010000,
        "20" : 0.010000,
        "50" : 0.010000,
        "100" : 0.010000,
        "250" : 0.010000,
        "500" : 99.981796,
        "750" : 0.016920,
        "1000" : 0.010000
      },
      "latency_ms" : {
        "2" : 0.010000,
        "4" : 0.000000,
        "10" : 0.000000,
        "20" : 0.000000,
        "50" : 0.000000,
        "100" : 0.000000,
        "250" : 0.000000,
        "500" : 0.000000,
        "750" : 0.000000,
        "1000" : 0.000000,
        "2000" : 0.000000,
        ">=2000" : 0.000000
      },
      "latency_depth" : 32,
      "latency_target" : 0,
      "latency_percentile" : 100.000000,
      "latency_window" : 0
    }
  ],
  "disk_util" : [
    {
      "name" : "nvme0n1",
      "read_ios" : 380528811,
      "write_ios" : 138,
      "read_sectors" : 3044230504,
      "write_sectors" : 1448,
      "read_merges" : 0,
      "write_merges" : 33,
      "read_ticks" : 152193049,
      "write_ticks" : 8,
      "in_queue" : 152193057,
      "util" : 100.000000
    }
  ]
}
