{
  "fio version" : "fio-3.36",
  "timestamp" : 1774398195,
  "timestamp_ms" : 1774398195778,
  "time" : "Tue Mar 24 18:23:15 2026",
  "global options" : {
    "numjobs" : "16",
    "ioengine" : "libaio",
    "direct" : "1",
    "runtime" : "300",
    "time_based" : "1",
    "group_reporting" : "1",
    "size" : "100%",
    "filename" : "/dev/nvme0n1"
  },
  "jobs" : [
    {
      "jobname" : "randread-4k",
      "groupid" : 0,
      "job_start" : 1774397895728,
      "error" : 0,
      "eta" : 0,
      "elapsed" : 301,
      "job options" : {
        "rw" : "randread",
        "bs" : "4k",
        "iodepth" : "32"
      },
      "read" : {
        "io_bytes" : 1559371309056,
        "io_kbytes" : 1522823544,
        "bw_bytes" : 5197887037,
        "bw" : 5076061,
        "iops" : 1269015.389949,
        "runtime" : 300001,
        "total_ios" : 380705886,
        "short_ios" : 0,
        "drop_ios" : 0,
        "slat_ns" : {
          "min" : 1041,
          "max" : 175820,
          "mean" : 2273.621783,
          "stddev" : 1730.534643,
          "N" : 380705886
        },
        "clat_ns" : {
          "min" : 6595,
          "max" : 1092989,
          "mean" : 400791.477228,
          "stddev" : 8179.711279,
          "N" : 380705886,
          "percentile" : {
            "1.000000" : 382976,
            "5.000000" : 391168,
            "10.000000" : 395264,
            "20.000000" : 399360,
            "30.000000" : 399360,
            "40.000000" : 399360,
            "50.000000" : 399360,
            "60.000000" : 403456,
            "70.000000" : 403456,
            "80.000000" : 403456,
            "90.000000" : 403456,
            "95.000000" : 407552,
            "99.000000" : 436224,
            "99.500000" : 460800,
            "99.900000" : 473088,
            "99.950000" : 473088,
            "99.990000" : 518144
          }
        },
        "lat_ns" : {
          "min" : 8674,
          "max" : 1094225,
          "mean" : 403065.099011,
          "stddev" : 8125.710493,
          "N" : 380705886
        },
        "bw_min" : 4976318,
        "bw_max" : 5092032,
        "bw_agg" : 100.000000,
        "bw_mean" : 5081387.323873,
        "bw_dev" : 657.888831,
        "bw_samples" : 9584,
        "iops_min" : 1244077,
        "iops_max" : 1273008,
        "iops_mean" : 1270343.517529,
        "iops_stddev" : 164.423237,
        "iops_samples" : 9584
      },
      "write" : {
        "io_bytes" : 0,
        "io_kbytes" : 0,
        "bw_bytes" : 0,
        "bw" : 0,
        "iops" : 0.000000,
        "runtime" : 0,
        "total_ios" : 0,
        "short_ios" : 0,
        "drop_ios" : 0,
        "slat_ns" : {
          "min" : 0,
          "max" : 0,
          "mean" : 0.000000,
          "stddev" : 0.000000,
          "N" : 0
        },
        "clat_ns" : {
          "min" : 0,
          "max" : 0,
          "mean" : 0.000000,
          "stddev" : 0.000000,
          "N" : 0
        },
        "lat_ns" : {
          "min" : 0,
          "max" : 0,
          "mean" : 0.000000,
          "stddev" : 0.000000,
          "N" : 0
        },
        "bw_min" : 0,
        "bw_max" : 0,
        "bw_agg" : 0.000000,
        "bw_mean" : 0.000000,
        "bw_dev" : 0.000000,
        "bw_samples" : 0,
        "iops_min" : 0,
        "iops_max" : 0,
        "iops_mean" : 0.000000,
        "iops_stddev" : 0.000000,
        "iops_samples" : 0
      },
      "trim" : {
        "io_bytes" : 0,
        "io_kbytes" : 0,
        "bw_bytes" : 0,
        "bw" : 0,
        "iops" : 0.000000,
        "runtime" : 0,
        "total_ios" : 0,
        "short_ios" : 0,
        "drop_ios" : 0,
        "slat_ns" : {
          "min" : 0,
          "max" : 0,
          "mean" : 0.000000,
          "stddev" : 0.000000,
          "N" : 0
        },
        "clat_ns" : {
          "min" : 0,
          "max" : 0,
          "mean" : 0.000000,
          "stddev" : 0.000000,
          "N" : 0
        },
        "lat_ns" : {
          "min" : 0,
          "max" : 0,
          "mean" : 0.000000,
          "stddev" : 0.000000,
          "N" : 0
        },
        "bw_min" : 0,
        "bw_max" : 0,
        "bw_agg" : 0.000000,
        "bw_mean" : 0.000000,
        "bw_dev" : 0.000000,
        "bw_samples" : 0,
        "iops_min" : 0,
        "iops_max" : 0,
        "iops_mean" : 0.000000,
        "iops_stddev" : 0.000000,
        "iops_samples" : 0
      },
      "sync" : {
        "total_ios" : 0,
        "lat_ns" : {
          "min" : 0,
          "max" : 0,
          "mean" : 0.000000,
          "stddev" : 0.000000,
          "N" : 0
        }
      },
      "job_runtime" : 4800000,
      "usr_cpu" : 8.195729,
      "sys_cpu" : 29.816562,
      "ctx" : 370386238,
      "majf" : 0,
      "minf" : 693,
      "iodepth_level" : {
        "1" : 0.100000,
        "2" : 0.100000,
        "4" : 0.100000,
        "8" : 0.100000,
        "16" : 0.100000,
        "32" : 99.999870,
        ">=64" : 0.000000
      },
      "iodepth_submit" : {
        "0" : 0.000000,
        "4" : 100.000000,
        "8" : 0.000000,
        "16" : 0.000000,
        "32" : 0.000000,
        "64" : 0.000000,
        ">=64" : 0.000000
      },
      "iodepth_complete" : {
        "0" : 0.000000,
        "4" : 99.999996,
        "8" : 0.000000,
        "16" : 0.000000,
        "32" : 0.100000,
        "64" : 0.000000,
        ">=64" : 0.000000
      },
      "latency_ns" : {
        "2" : 0.000000,
        "4" : 0.000000,
        "10" : 0.000000,
        "20" : 0.000000,
        "50" : 0.000000,
        "100" : 0.000000,
        "250" : 0.000000,
        "500" : 0.000000,
        "750" : 0.000000,
        "1000" : 0.000000
      },
      "latency_us" : {
        "2" : 0.000000,
        "4" : 0.000000,
        "10" : 0.010000,
        "20" : 0.010000,
        "50" : 0.010000,
        "100" : 0.010000,
        "250" : 0.010000,
        "500" : 99.981681,
        "750" : 0.017783,
        "1000" : 0.010000
      },
      "latency_ms" : {
        "2" : 0.010000,
        "4" : 0.000000,
        "10" : 0.000000,
        "20" : 0.000000,
        "50" : 0.000000,
        "100" : 0.000000,
        "250" : 0.000000,
        "500" : 0.000000,
        "750" : 0.000000,
        "1000" : 0.000000,
        "2000" : 0.000000,
        ">=2000" : 0.000000
      },
      "latency_depth" : 32,
      "latency_target" : 0,
      "latency_percentile" : 100.000000,
      "latency_window" : 0
    }
  ],
  "disk_util" : [
    {
      "name" : "nvme0n1",
      "read_ios" : 380550508,
      "write_ios" : 309,
      "read_sectors" : 3044404072,
      "write_sectors" : 3256,
      "read_merges" : 0,
      "write_merges" : 40,
      "read_ticks" : 152199645,
      "write_ticks" : 17,
      "in_queue" : 152199662,
      "util" : 100.000000
    }
  ]
}
