{
  "fio version" : "fio-3.36",
  "timestamp" : 1776191411,
  "timestamp_ms" : 1776191411857,
  "time" : "Tue Apr 14 12:30:11 2026",
  "global options" : {
    "size" : "4G",
    "rw" : "randrw",
    "rwmixread" : "70",
    "bs" : "4k",
    "ioengine" : "libaio",
    "iodepth" : "32",
    "numjobs" : "16",
    "direct" : "1",
    "runtime" : "60",
    "ramp_time" : "10",
    "time_based" : "1",
    "group_reporting" : "1",
    "percentile_list" : "50:90:95:99:99.9:99.99",
    "write_iops_log" : "/root/randrw_iops",
    "write_lat_log" : "/root/randrw_lat",
    "log_avg_msec" : "1000",
    "filename" : "/dev/nvme0n1"
  },
  "jobs" : [
    {
      "jobname" : "randrw-4k-aio",
      "groupid" : 0,
      "job_start" : 1776191351776,
      "error" : 0,
      "eta" : 0,
      "elapsed" : 71,
      "read" : {
        "io_bytes" : 57806036992,
        "io_kbytes" : 56451208,
        "bw_bytes" : 963353670,
        "bw" : 940775,
        "iops" : 235186.451129,
        "runtime" : 60005,
        "total_ios" : 14112363,
        "short_ios" : 0,
        "drop_ios" : 0,
        "slat_ns" : {
          "min" : 1052,
          "max" : 148493,
          "mean" : 1826.514495,
          "stddev" : 1053.818591,
          "N" : 14112365
        },
        "clat_ns" : {
          "min" : 11087,
          "max" : 8721685,
          "mean" : 924950.998989,
          "stddev" : 565589.911055,
          "N" : 14112800,
          "percentile" : {
            "50.000000" : 815104,
            "90.000000" : 1433600,
            "95.000000" : 1925120,
            "99.000000" : 3227648,
            "99.900000" : 3719168,
            "99.990000" : 4358144
          }
        },
        "lat_ns" : {
          "min" : 12540,
          "max" : 8722985,
          "mean" : 926777.511356,
          "stddev" : 565539.207116,
          "N" : 14112800
        },
        "bw_min" : 774877,
        "bw_max" : 974969,
        "bw_agg" : 100.000000,
        "bw_mean" : 941679.208333,
        "bw_dev" : 1834.882424,
        "bw_samples" : 1920,
        "iops_min" : 212211,
        "iops_max" : 241323,
        "iops_mean" : 235305.533333,
        "iops_stddev" : 333.042776,
        "iops_samples" : 960
      },
      "write" : {
        "io_bytes" : 24779456512,
        "io_kbytes" : 24198688,
        "bw_bytes" : 412956528,
        "bw" : 403277,
        "iops" : 100818.481793,
        "runtime" : 60005,
        "total_ios" : 6049613,
        "short_ios" : 0,
        "drop_ios" : 0,
        "slat_ns" : {
          "min" : 1065,
          "max" : 182210,
          "mean" : 1873.311870,
          "stddev" : 1072.446015,
          "N" : 6049613
        },
        "clat_ns" : {
          "min" : 8230,
          "max" : 10036257,
          "mean" : 2912920.626569,
          "stddev" : 2284295.458368,
          "N" : 6049672,
          "percentile" : {
            "50.000000" : 3653632,
            "90.000000" : 5668864,
            "95.000000" : 5931008,
            "99.000000" : 6389760,
            "99.900000" : 7503872,
            "99.990000" : 9109504
          }
        },
        "lat_ns" : {
          "min" : 9549,
          "max" : 10038194,
          "mean" : 2914793.939466,
          "stddev" : 2284206.269203,
          "N" : 6049672
        },
        "bw_min" : 330820,
        "bw_max" : 425770,
        "bw_agg" : 100.000000,
        "bw_mean" : 403652.716667,
        "bw_dev" : 868.298131,
        "bw_samples" : 1920,
        "iops_min" : 91158,
        "iops_max" : 104551,
        "iops_mean" : 100864.300000,
        "iops_stddev" : 150.613979,
        "iops_samples" : 960
      },
      "trim" : {
        "io_bytes" : 0,
        "io_kbytes" : 0,
        "bw_bytes" : 0,
        "bw" : 0,
        "iops" : 0.000000,
        "runtime" : 0,
        "total_ios" : 0,
        "short_ios" : 0,
        "drop_ios" : 0,
        "slat_ns" : {
          "min" : 0,
          "max" : 0,
          "mean" : 0.000000,
          "stddev" : 0.000000,
          "N" : 0
        },
        "clat_ns" : {
          "min" : 0,
          "max" : 0,
          "mean" : 0.000000,
          "stddev" : 0.000000,
          "N" : 0
        },
        "lat_ns" : {
          "min" : 0,
          "max" : 0,
          "mean" : 0.000000,
          "stddev" : 0.000000,
          "N" : 0
        },
        "bw_min" : 0,
        "bw_max" : 0,
        "bw_agg" : 0.000000,
        "bw_mean" : 0.000000,
        "bw_dev" : 0.000000,
        "bw_samples" : 0,
        "iops_min" : 0,
        "iops_max" : 0,
        "iops_mean" : 0.000000,
        "iops_stddev" : 0.000000,
        "iops_samples" : 0
      },
      "sync" : {
        "total_ios" : 0,
        "lat_ns" : {
          "min" : 0,
          "max" : 0,
          "mean" : 0.000000,
          "stddev" : 0.000000,
          "N" : 0
        }
      },
      "job_runtime" : 960051,
      "usr_cpu" : 2.274150,
      "sys_cpu" : 6.501738,
      "ctx" : 15983270,
      "majf" : 0,
      "minf" : 1044,
      "iodepth_level" : {
        "1" : 0.000000,
        "2" : 0.000000,
        "4" : 0.000000,
        "8" : 0.000000,
        "16" : 0.000000,
        "32" : 100.000000,
        ">=64" : 0.000000
      },
      "iodepth_submit" : {
        "0" : 0.000000,
        "4" : 100.000000,
        "8" : 0.000000,
        "16" : 0.000000,
        "32" : 0.000000,
        "64" : 0.000000,
        ">=64" : 0.000000
      },
      "iodepth_complete" : {
        "0" : 0.000000,
        "4" : 99.999921,
        "8" : 0.000000,
        "16" : 0.000000,
        "32" : 0.100000,
        "64" : 0.000000,
        ">=64" : 0.000000
      },
      "latency_ns" : {
        "2" : 0.000000,
        "4" : 0.000000,
        "10" : 0.000000,
        "20" : 0.000000,
        "50" : 0.000000,
        "100" : 0.000000,
        "250" : 0.000000,
        "500" : 0.000000,
        "750" : 0.000000,
        "1000" : 0.000000
      },
      "latency_us" : {
        "2" : 0.000000,
        "4" : 0.000000,
        "10" : 0.010000,
        "20" : 0.010000,
        "50" : 0.036891,
        "100" : 0.252198,
        "250" : 5.250770,
        "500" : 16.994401,
        "750" : 20.699221,
        "1000" : 15.370899
      },
      "latency_ms" : {
        "2" : 20.604384,
        "4" : 7.164576,
        "10" : 13.624974,
        "20" : 0.010000,
        "50" : 0.000000,
        "100" : 0.000000,
        "250" : 0.000000,
        "500" : 0.000000,
        "750" : 0.000000,
        "1000" : 0.000000,
        "2000" : 0.000000,
        ">=2000" : 0.000000
      },
      "latency_depth" : 32,
      "latency_target" : 0,
      "latency_percentile" : 100.000000,
      "latency_window" : 0
    }
  ],
  "disk_util" : [
    {
      "name" : "nvme0n1",
      "read_ios" : 16502792,
      "write_ios" : 7075115,
      "read_sectors" : 132025896,
      "write_sectors" : 56601592,
      "read_merges" : 0,
      "write_merges" : 75,
      "read_ticks" : 15114668,
      "write_ticks" : 20633326,
      "in_queue" : 35747995,
      "util" : 99.942895
    }
  ]
}
