{
  "fio version" : "fio-3.36",
  "timestamp" : 1776186970,
  "timestamp_ms" : 1776186970472,
  "time" : "Tue Apr 14 11:16:10 2026",
  "global options" : {
    "size" : "4G",
    "rw" : "randread",
    "bs" : "4k",
    "ioengine" : "libaio",
    "iodepth" : "32",
    "numjobs" : "16",
    "direct" : "1",
    "runtime" : "60",
    "ramp_time" : "10",
    "time_based" : "1",
    "group_reporting" : "1",
    "percentile_list" : "50:90:95:99:99.9:99.99",
    "write_iops_log" : "/root/randread_iops",
    "write_lat_log" : "/root/randread_lat",
    "log_avg_msec" : "1000",
    "filename" : "/dev/nvme0n1"
  },
  "jobs" : [
    {
      "jobname" : "randread-4k-aio",
      "groupid" : 0,
      "job_start" : 1776186910426,
      "error" : 0,
      "eta" : 0,
      "elapsed" : 71,
      "read" : {
        "io_bytes" : 147522068480,
        "io_kbytes" : 144064520,
        "bw_bytes" : 2458537238,
        "bw" : 2400915,
        "iops" : 600220.518632,
        "runtime" : 60004,
        "total_ios" : 36015632,
        "short_ios" : 0,
        "drop_ios" : 0,
        "slat_ns" : {
          "min" : 1046,
          "max" : 98504,
          "mean" : 1653.963271,
          "stddev" : 991.912561,
          "N" : 36015634
        },
        "clat_ns" : {
          "min" : 144171,
          "max" : 6751515,
          "mean" : 850976.128567,
          "stddev" : 470590.961524,
          "N" : 36016128,
          "percentile" : {
            "50.000000" : 716800,
            "90.000000" : 1449984,
            "95.000000" : 1777664,
            "99.000000" : 2539520,
            "99.900000" : 3751936,
            "99.990000" : 4947968
          }
        },
        "lat_ns" : {
          "min" : 146696,
          "max" : 6753902,
          "mean" : 852630.090347,
          "stddev" : 470589.706566,
          "N" : 36016128
        },
        "bw_min" : 2208682,
        "bw_max" : 2424291,
        "bw_agg" : 100.000000,
        "bw_mean" : 2403443.300000,
        "bw_dev" : 2097.893270,
        "bw_samples" : 1920,
        "iops_min" : 553928,
        "iops_max" : 604564,
        "iops_mean" : 600496.283333,
        "iops_stddev" : 478.144162,
        "iops_samples" : 960
      },
      "write" : {
        "io_bytes" : 0,
        "io_kbytes" : 0,
        "bw_bytes" : 0,
        "bw" : 0,
        "iops" : 0.000000,
        "runtime" : 0,
        "total_ios" : 0,
        "short_ios" : 0,
        "drop_ios" : 0,
        "slat_ns" : {
          "min" : 0,
          "max" : 0,
          "mean" : 0.000000,
          "stddev" : 0.000000,
          "N" : 0
        },
        "clat_ns" : {
          "min" : 0,
          "max" : 0,
          "mean" : 0.000000,
          "stddev" : 0.000000,
          "N" : 0
        },
        "lat_ns" : {
          "min" : 0,
          "max" : 0,
          "mean" : 0.000000,
          "stddev" : 0.000000,
          "N" : 0
        },
        "bw_min" : 0,
        "bw_max" : 0,
        "bw_agg" : 0.000000,
        "bw_mean" : 0.000000,
        "bw_dev" : 0.000000,
        "bw_samples" : 0,
        "iops_min" : 0,
        "iops_max" : 0,
        "iops_mean" : 0.000000,
        "iops_stddev" : 0.000000,
        "iops_samples" : 0
      },
      "trim" : {
        "io_bytes" : 0,
        "io_kbytes" : 0,
        "bw_bytes" : 0,
        "bw" : 0,
        "iops" : 0.000000,
        "runtime" : 0,
        "total_ios" : 0,
        "short_ios" : 0,
        "drop_ios" : 0,
        "slat_ns" : {
          "min" : 0,
          "max" : 0,
          "mean" : 0.000000,
          "stddev" : 0.000000,
          "N" : 0
        },
        "clat_ns" : {
          "min" : 0,
          "max" : 0,
          "mean" : 0.000000,
          "stddev" : 0.000000,
          "N" : 0
        },
        "lat_ns" : {
          "min" : 0,
          "max" : 0,
          "mean" : 0.000000,
          "stddev" : 0.000000,
          "N" : 0
        },
        "bw_min" : 0,
        "bw_max" : 0,
        "bw_agg" : 0.000000,
        "bw_mean" : 0.000000,
        "bw_dev" : 0.000000,
        "bw_samples" : 0,
        "iops_min" : 0,
        "iops_max" : 0,
        "iops_mean" : 0.000000,
        "iops_stddev" : 0.000000,
        "iops_samples" : 0
      },
      "sync" : {
        "total_ios" : 0,
        "lat_ns" : {
          "min" : 0,
          "max" : 0,
          "mean" : 0.000000,
          "stddev" : 0.000000,
          "N" : 0
        }
      },
      "job_runtime" : 960036,
      "usr_cpu" : 3.487265,
      "sys_cpu" : 10.490648,
      "ctx" : 27905185,
      "majf" : 0,
      "minf" : 1043,
      "iodepth_level" : {
        "1" : 0.000000,
        "2" : 0.000000,
        "4" : 0.000000,
        "8" : 0.000000,
        "16" : 0.000000,
        "32" : 100.000000,
        ">=64" : 0.000000
      },
      "iodepth_submit" : {
        "0" : 0.000000,
        "4" : 100.000000,
        "8" : 0.000000,
        "16" : 0.000000,
        "32" : 0.000000,
        "64" : 0.000000,
        ">=64" : 0.000000
      },
      "iodepth_complete" : {
        "0" : 0.000000,
        "4" : 99.999956,
        "8" : 0.000000,
        "16" : 0.000000,
        "32" : 0.100000,
        "64" : 0.000000,
        ">=64" : 0.000000
      },
      "latency_ns" : {
        "2" : 0.000000,
        "4" : 0.000000,
        "10" : 0.000000,
        "20" : 0.000000,
        "50" : 0.000000,
        "100" : 0.000000,
        "250" : 0.000000,
        "500" : 0.000000,
        "750" : 0.000000,
        "1000" : 0.000000
      },
      "latency_us" : {
        "2" : 0.000000,
        "4" : 0.000000,
        "10" : 0.000000,
        "20" : 0.000000,
        "50" : 0.000000,
        "100" : 0.000000,
        "250" : 0.335721,
        "500" : 19.428147,
        "750" : 33.891014,
        "1000" : 19.739229
      },
      "latency_ms" : {
        "2" : 23.510672,
        "4" : 3.034335,
        "10" : 0.062259,
        "20" : 0.000000,
        "50" : 0.000000,
        "100" : 0.000000,
        "250" : 0.000000,
        "500" : 0.000000,
        "750" : 0.000000,
        "1000" : 0.000000,
        "2000" : 0.000000,
        ">=2000" : 0.000000
      },
      "latency_depth" : 32,
      "latency_target" : 0,
      "latency_percentile" : 100.000000,
      "latency_window" : 0
    }
  ],
  "disk_util" : [
    {
      "name" : "nvme0n1",
      "read_ios" : 42011610,
      "write_ios" : 147,
      "read_sectors" : 336092880,
      "write_sectors" : 2216,
      "read_merges" : 0,
      "write_merges" : 115,
      "read_ticks" : 35694839,
      "write_ticks" : 22,
      "in_queue" : 35694861,
      "util" : 99.942890
    }
  ]
}
